taxonKey	year	em_status	growth	method
1718308	2016	3	1.0058095652604404	correct_baseline
1718308	2017	3	1.004048762770101	correct_baseline
1718308	2018	3	1.002278851010561	correct_baseline
1713034	2016			correct_baseline
1713034	2017			correct_baseline
1713034	2018			correct_baseline
2927530	2016			correct_baseline
2927530	2017			correct_baseline
2927530	2018			correct_baseline
2703346	2016			correct_baseline
2703346	2017			correct_baseline
2703346	2018			correct_baseline
3034523	2016			correct_baseline
3034523	2017			correct_baseline
3034523	2018			correct_baseline
2498027	2016	0	0.7589208025011609	correct_baseline
2498027	2017	0	0.7250494523674558	correct_baseline
2498027	2018	0	0.6922810606651962	correct_baseline
2722051	2016	3	1.0294444680363068	correct_baseline
2722051	2017	3	1.0304364954650072	correct_baseline
2722051	2018	3	1.0313587440242773	correct_baseline
2469188	2016			correct_baseline
2469188	2017			correct_baseline
2469188	2018			correct_baseline
3003709	2016			correct_baseline
3003709	2017			correct_baseline
3003709	2018			correct_baseline
2495414	2016	3	1.1929628929329066	correct_baseline
2495414	2017	3	1.1954250484527982	correct_baseline
2495414	2018	3	1.1978409038845232	correct_baseline
3042845	2016	0	0.8529057681294786	correct_baseline
3042845	2017	0	0.8482080248726839	correct_baseline
3042845	2018	0	0.843520495247502	correct_baseline
2876049	2016			correct_baseline
2876049	2017			correct_baseline
2876049	2018			correct_baseline
5298765	2016			correct_baseline
5298765	2017			correct_baseline
5298765	2018			correct_baseline
2498107	2016			correct_baseline
2498107	2017			correct_baseline
2498107	2018			correct_baseline
5232464	2016	3	1.014070817505078	correct_baseline
5232464	2017	3	1.0123692280990508	correct_baseline
5232464	2018	3	1.0106464791307468	correct_baseline
2474051	2016	3	1.1020313731199238	correct_baseline
2474051	2017	3	1.1030188076289715	correct_baseline
2474051	2018	3	1.103731194463547	correct_baseline
2436940	2016	3	1.0400215556050771	correct_baseline
2436940	2017	3	1.0324762394321247	correct_baseline
2436940	2018	3	1.024724045394871	correct_baseline
2498252	2016	2	1.0414442841650007	correct_baseline
2498252	2017	2	1.0346071088309856	correct_baseline
2498252	2018	2	1.027800008678208	correct_baseline
5232437	2016	2	1.0142739240255552	correct_baseline
5232437	2017	2	1.0046087071511278	correct_baseline
5232437	2018	0	0.9949286710703706	correct_baseline
2227000	2016	1	0.9365189034616762	correct_baseline
2227000	2017	1	0.9234519460237256	correct_baseline
2227000	2018	1	0.9103131038779823	correct_baseline
2226990	2016	0	0.6858164918458209	correct_baseline
2226990	2017	0	0.6378437781872434	correct_baseline
2226990	2018	0	0.5928566335885062	correct_baseline
4989904	2016	3	1.0090403480793124	correct_baseline
4989904	2017	1	0.9832858129027463	correct_baseline
4989904	2018	1	0.9456302455659766	correct_baseline
8946295	2016			correct_baseline
8946295	2017			correct_baseline
8946295	2018			correct_baseline
5232452	2016	2	0.9947555191436372	correct_baseline
5232452	2017	3	1.0253530788120417	correct_baseline
5232452	2018	3	1.0560995251387404	correct_baseline
1316908	2016			correct_baseline
1316908	2017			correct_baseline
1316908	2018			correct_baseline
2177741	2016			correct_baseline
2177741	2017			correct_baseline
2177741	2018			correct_baseline
2685484	2016			correct_baseline
2685484	2017			correct_baseline
2685484	2018			correct_baseline
3189815	2016	3	1.0189243111874904	correct_baseline
3189815	2017	3	1.017767599186702	correct_baseline
3189815	2018	3	1.0166026966720527	correct_baseline
2686212	2016	3	1.0047849447092445	correct_baseline
2686212	2017	3	1.0019286187494671	correct_baseline
2686212	2018	1	0.9990718540149411	correct_baseline
2494303	2016	1	0.7236869349207982	correct_baseline
2494303	2017	1	0.6520763109739462	correct_baseline
2494303	2018	1	0.5850893737970652	correct_baseline
2498036	2016	2	1.0231758522242629	correct_baseline
2498036	2017	2	1.02050104323965	correct_baseline
2498036	2018	2	1.0178255375349259	correct_baseline
2889934	2016	3	1.0385655903787654	correct_baseline
2889934	2017	3	1.0412528307592335	correct_baseline
2889934	2018	3	1.043864175996976	correct_baseline
7334368	2016			correct_baseline
7334368	2017			correct_baseline
7334368	2018			correct_baseline
2927303	2016			correct_baseline
2927303	2017			correct_baseline
2927303	2018			correct_baseline
7315072	2016			correct_baseline
7315072	2017			correct_baseline
7315072	2018			correct_baseline
5415053	2016			correct_baseline
5415053	2017			correct_baseline
5415053	2018			correct_baseline
2439261	2016	3	1.071878618153657	correct_baseline
2439261	2017	3	1.0701243125489166	correct_baseline
2439261	2018	3	1.0683676548047676	correct_baseline
5285565	2016	3	1.0597237891977886	correct_baseline
5285565	2017	3	1.0655840186944407	correct_baseline
5285565	2018	3	1.0709736083491974	correct_baseline
3054368	2016	3	1.0156647500675955	correct_baseline
3054368	2017	3	1.009099113263804	correct_baseline
3054368	2018	3	1.0023706301469817	correct_baseline
5284884	2016	0	0.9371804746183248	correct_baseline
5284884	2017	0	0.9306508102069544	correct_baseline
5284884	2018	0	0.924159976766413	correct_baseline
5285637	2016	0	0.912400673107839	correct_baseline
5285637	2017	0	0.9057132942757382	correct_baseline
5285637	2018	0	0.8990711050094041	correct_baseline
2115692	2016			correct_baseline
2115692	2017			correct_baseline
2115692	2018			correct_baseline
4264680	2016			correct_baseline
4264680	2017			correct_baseline
4264680	2018			correct_baseline
5220136	2016			correct_baseline
5220136	2017			correct_baseline
5220136	2018			correct_baseline
3046744	2016			correct_baseline
3046744	2017			correct_baseline
3046744	2018			correct_baseline
5365705	2016	3	1.0235664946596488	correct_baseline
5365705	2017	3	1.0261325208374925	correct_baseline
5365705	2018	3	1.0284069181959674	correct_baseline
5219858	2016	0	0.9778364318593847	correct_baseline
5219858	2017	0	0.9731792601380371	correct_baseline
5219858	2018	0	0.9685396528801411	correct_baseline
2498110	2016	3	1.0167681068866818	correct_baseline
2498110	2017	3	1.0132030726274739	correct_baseline
2498110	2018	3	1.009590419905866	correct_baseline
5289686	2016	1	0.9761693435629409	correct_baseline
5289686	2017	1	0.9705309138524427	correct_baseline
5289686	2018	1	0.9647698259529977	correct_baseline
2705090	2016	3	1.054762640750127	correct_baseline
2705090	2017	3	1.0547832661487266	correct_baseline
2705090	2018	3	1.0545215844019462	correct_baseline
3039194	2016	3	1.0486406458117425	correct_baseline
3039194	2017	3	1.050763991143029	correct_baseline
3039194	2018	3	1.052773663367836	correct_baseline
3098912	2016			correct_baseline
3098912	2017			correct_baseline
3098912	2018			correct_baseline
5227775	2016			correct_baseline
5227775	2017			correct_baseline
5227775	2018			correct_baseline
2781103	2016			correct_baseline
2781103	2017			correct_baseline
2781103	2018			correct_baseline
9188840	2016	1	0.9504665768097806	correct_baseline
9188840	2017	1	0.9508203461691828	correct_baseline
9188840	2018	1	0.9509553946129592	correct_baseline
3027791	2016			correct_baseline
3027791	2017			correct_baseline
3027791	2018			correct_baseline
7694392	2016			correct_baseline
7694392	2017			correct_baseline
7694392	2018			correct_baseline
3022203	2016	0	0.5249814263086143	correct_baseline
3022203	2017	0	0.5072507193721723	correct_baseline
3022203	2018	0	0.48994993323859914	correct_baseline
5366327	2016			correct_baseline
5366327	2017			correct_baseline
5366327	2018			correct_baseline
3040233	2016	1	0.9956822715310594	correct_baseline
3040233	2017	1	0.9952551961317524	correct_baseline
3040233	2018	1	0.9948226024749659	correct_baseline
5363627	2016			correct_baseline
5363627	2017			correct_baseline
5363627	2018			correct_baseline
7777960	2016			correct_baseline
7777960	2017			correct_baseline
7777960	2018			correct_baseline
6391417	2016	0	0.7779492147112275	correct_baseline
6391417	2017	0	0.7681342172636384	correct_baseline
6391417	2018	0	0.7583373229477428	correct_baseline
5330661	2016	3	1.1818263466805947	correct_baseline
5330661	2017	3	1.1885082937949267	correct_baseline
5330661	2018	3	1.1951671145450213	correct_baseline
3190653	2016	3	1.0163600577368088	correct_baseline
3190653	2017	3	1.0153089085054448	correct_baseline
3190653	2018	3	1.014218730261915	correct_baseline
3152861	2016	3	1.1499302505934155	correct_baseline
3152861	2017	3	1.1730064236260827	correct_baseline
3152861	2018	3	1.1952409915531403	correct_baseline
2888323	2016			correct_baseline
2888323	2017			correct_baseline
2888323	2018			correct_baseline
2474162	2016			correct_baseline
2474162	2017			correct_baseline
2474162	2018			correct_baseline
5411453	2016			correct_baseline
5411453	2017			correct_baseline
5411453	2018			correct_baseline
2705622	2016			correct_baseline
2705622	2017			correct_baseline
2705622	2018			correct_baseline
7560711	2016			correct_baseline
7560711	2017			correct_baseline
7560711	2018			correct_baseline
3189837	2016	1	0.949362246113695	correct_baseline
3189837	2017	1	0.9185950620161042	correct_baseline
3189837	2018	1	0.8864819031141871	correct_baseline
4259350	2016	3	1.3103714332764616	correct_baseline
4259350	2017	3	1.3457627100032465	correct_baseline
4259350	2018	3	1.379299716045914	correct_baseline
2437619	2016			correct_baseline
2437619	2017			correct_baseline
2437619	2018			correct_baseline
2498388	2016	1	0.9944046232088909	correct_baseline
2498388	2017	1	0.9833478082059166	correct_baseline
2498388	2018	1	0.972167137946814	correct_baseline
3067353	2016			correct_baseline
3067353	2017			correct_baseline
3067353	2018			correct_baseline
2880539	2016	2	0.9917510326856434	correct_baseline
2880539	2017	2	0.9927132915427683	correct_baseline
2880539	2018	2	0.9935657576264092	correct_baseline
7277286	2016			correct_baseline
7277286	2017			correct_baseline
7277286	2018			correct_baseline
1728965	2016			correct_baseline
1728965	2017			correct_baseline
1728965	2018			correct_baseline
7346102	2016	1	0.9676561508504425	correct_baseline
7346102	2017	1	0.9536849964999646	correct_baseline
7346102	2018	1	0.9392162284529384	correct_baseline
5358907	2016	2	0.9794136884150211	correct_baseline
5358907	2017	2	0.9804890006106225	correct_baseline
5358907	2018	2	0.9815507398193348	correct_baseline
4352332	2016			correct_baseline
4352332	2017			correct_baseline
4352332	2018			correct_baseline
7433196	2016			correct_baseline
7433196	2017			correct_baseline
7433196	2018			correct_baseline
1702101	2016			correct_baseline
1702101	2017			correct_baseline
1702101	2018			correct_baseline
3028586	2016			correct_baseline
3028586	2017			correct_baseline
3028586	2018			correct_baseline
6159273	2016			correct_baseline
6159273	2017			correct_baseline
6159273	2018			correct_baseline
3040185	2016	0	0.8244393638212282	correct_baseline
3040185	2017	0	0.8191847001781117	correct_baseline
3040185	2018	0	0.8139582460737471	correct_baseline
2701986	2016	3	1.0758404835364939	correct_baseline
2701986	2017	3	1.0821719297065677	correct_baseline
2701986	2018	3	1.0883815107647778	correct_baseline
5228034	2016	1	0.9066521795975679	correct_baseline
5228034	2017	1	0.8830347537335002	correct_baseline
5228034	2018	1	0.8596208920238452	correct_baseline
7501634	2016	1	0.8335770616386926	correct_baseline
7501634	2017	1	0.8183504001873351	correct_baseline
7501634	2018	1	0.8025616905542672	correct_baseline
3172291	2016	3	1.0599621139578173	correct_baseline
3172291	2017	3	1.0669224781704385	correct_baseline
3172291	2018	3	1.0735631997420734	correct_baseline
5367186	2016			correct_baseline
5367186	2017			correct_baseline
5367186	2018			correct_baseline
2495659	2016			correct_baseline
2495659	2017			correct_baseline
2495659	2018			correct_baseline
2747567	2016	3	1.1499560996434708	correct_baseline
2747567	2017	3	1.156227108858318	correct_baseline
2747567	2018	3	1.1622755049182554	correct_baseline
2481110	2016	3	1.2177069388516164	correct_baseline
2481110	2017	3	1.2332268069063406	correct_baseline
2481110	2018	3	1.2488991674201886	correct_baseline
3113637	2016			correct_baseline
3113637	2017			correct_baseline
3113637	2018			correct_baseline
2426661	2016	2	1.0213064821074278	correct_baseline
2426661	2017	2	1.0067924238476198	correct_baseline
2426661	2018	0	0.9923897522822005	correct_baseline
2498387	2016	0	0.9225990734422577	correct_baseline
2498387	2017	0	0.9076652023357232	correct_baseline
2498387	2018	0	0.892930952524188	correct_baseline
2716226	2016	3	1.199207946859674	correct_baseline
2716226	2017	3	1.2089394269266642	correct_baseline
2716226	2018	3	1.2187436214315988	correct_baseline
8190077	2016	0	0.7064110286957459	correct_baseline
8190077	2017	0	0.697480425205938	correct_baseline
8190077	2018	0	0.6886571640555962	correct_baseline
3021730	2016	3	1.2062012320798043	correct_baseline
3021730	2017	3	1.2343620761765877	correct_baseline
3021730	2018	3	1.2625152534867563	correct_baseline
5384361	2016	0	0.892923893574186	correct_baseline
5384361	2017	0	0.8780785635668574	correct_baseline
5384361	2018	0	0.8631539395167506	correct_baseline
3189866	2016	3	1.0552541173587224	correct_baseline
3189866	2017	3	1.060383067549941	correct_baseline
3189866	2018	3	1.0647853656536834	correct_baseline
2867614	2016	3	1.0603489583404704	correct_baseline
2867614	2017	3	1.060371608376834	correct_baseline
2867614	2018	3	1.060383576403832	correct_baseline
3025617	2016	0	0.8595560360874543	correct_baseline
3025617	2017	0	0.8443545177861239	correct_baseline
3025617	2018	0	0.8289657125154996	correct_baseline
5289666	2016	3	1.051380898256698	correct_baseline
5289666	2017	3	1.0516185455255536	correct_baseline
5289666	2018	3	1.0518250777095612	correct_baseline
5361785	2016	0	0.9621983905529816	correct_baseline
5361785	2017	0	0.928035715041947	correct_baseline
5361785	2018	0	0.894319747771766	correct_baseline
3664677	2016			correct_baseline
3664677	2017			correct_baseline
3664677	2018			correct_baseline
2498165	2016	1	0.9181579761638085	correct_baseline
2498165	2017	1	0.8742255232841011	correct_baseline
2498165	2018	1	0.8314893202985915	correct_baseline
3172059	2016			correct_baseline
3172059	2017			correct_baseline
3172059	2018			correct_baseline
2996525	2016			correct_baseline
2996525	2017			correct_baseline
2996525	2018			correct_baseline
2498035	2016	0	0.9702272148083797	correct_baseline
2498035	2017	0	0.958608056841198	correct_baseline
2498035	2018	0	0.9470118814539412	correct_baseline
5362004	2016			correct_baseline
5362004	2017			correct_baseline
5362004	2018			correct_baseline
3085420	2016			correct_baseline
3085420	2017			correct_baseline
3085420	2018			correct_baseline
2479226	2016	3	1.0999280178796003	correct_baseline
2479226	2017	3	1.0969256538945116	correct_baseline
2479226	2018	3	1.0939156316634528	correct_baseline
2683866	2016			correct_baseline
2683866	2017			correct_baseline
2683866	2018			correct_baseline
5284982	2016	3	1.076109842535668	correct_baseline
5284982	2017	3	1.0672461541947489	correct_baseline
5284982	2018	3	1.057990380540588	correct_baseline
2685361	2016			correct_baseline
2685361	2017			correct_baseline
2685361	2018			correct_baseline
2684171	2016			correct_baseline
2684171	2017			correct_baseline
2684171	2018			correct_baseline
8313153	2016	3	1.0963827694585657	correct_baseline
8313153	2017	3	1.0936531493935355	correct_baseline
8313153	2018	3	1.090225927646272	correct_baseline
7262958	2016			correct_baseline
7262958	2017			correct_baseline
7262958	2018			correct_baseline
2701578	2016	0	0.5880964443723565	correct_baseline
2701578	2017	0	0.5761006857239194	correct_baseline
2701578	2018	0	0.5641519994062131	correct_baseline
2650829	2016			correct_baseline
2650829	2017			correct_baseline
2650829	2018			correct_baseline
5410411	2016	3	1.2633228276006465	correct_baseline
5410411	2017	3	1.3813083295021338	correct_baseline
5410411	2018	3	1.5062241277619841	correct_baseline
2772885	2016			correct_baseline
2772885	2017			correct_baseline
2772885	2018			correct_baseline
2492081	2016			correct_baseline
2492081	2017			correct_baseline
2492081	2018			correct_baseline
2889037	2016			correct_baseline
2889037	2017			correct_baseline
2889037	2018			correct_baseline
3627235	2016			correct_baseline
3627235	2017			correct_baseline
3627235	2018			correct_baseline
5392270	2016			correct_baseline
5392270	2017			correct_baseline
5392270	2018			correct_baseline
9691034	2016			correct_baseline
9691034	2017			correct_baseline
9691034	2018			correct_baseline
2880580	2016	3	1.1658006523210167	correct_baseline
2880580	2017	3	1.174516560183216	correct_baseline
2880580	2018	3	1.1832500593346442	correct_baseline
2891707	2016	1	0.8209510928419237	correct_baseline
2891707	2017	1	0.7167936576952738	correct_baseline
2891707	2018	1	0.6236030323760697	correct_baseline
2977222	2016			correct_baseline
2977222	2017			correct_baseline
2977222	2018			correct_baseline
8022932	2016			correct_baseline
8022932	2017			correct_baseline
8022932	2018			correct_baseline
2479798	2016	3	1.0787035111869911	correct_baseline
2479798	2017	3	1.0738767379626226	correct_baseline
2479798	2018	3	1.0689743671840866	correct_baseline
2495688	2016			correct_baseline
2495688	2017			correct_baseline
2495688	2018			correct_baseline
2479977	2016	2	1.0247641551943718	correct_baseline
2479977	2017	2	1.014411465669663	correct_baseline
2479977	2018	2	1.0040862353733873	correct_baseline
2498335	2016			correct_baseline
2498335	2017			correct_baseline
2498335	2018			correct_baseline
2928538	2016			correct_baseline
2928538	2017			correct_baseline
2928538	2018			correct_baseline
5384390	2016			correct_baseline
5384390	2017			correct_baseline
5384390	2018			correct_baseline
5359249	2016			correct_baseline
5359249	2017			correct_baseline
5359249	2018			correct_baseline
5406741	2016			correct_baseline
5406741	2017			correct_baseline
5406741	2018			correct_baseline
5284827	2016			correct_baseline
5284827	2017			correct_baseline
5284827	2018			correct_baseline
2722380	2016			correct_baseline
2722380	2017			correct_baseline
2722380	2018			correct_baseline
3152268	2016			correct_baseline
3152268	2017			correct_baseline
3152268	2018			correct_baseline
3802845	2016			correct_baseline
3802845	2017			correct_baseline
3802845	2018			correct_baseline
4565061	2016	2	1.0499348112601958	correct_baseline
4565061	2017	0	0.9750881128217755	correct_baseline
4565061	2018	0	0.8999983355696209	correct_baseline
5384932	2016	3	1.0902075507927873	correct_baseline
5384932	2017	3	1.0345245518157353	correct_baseline
5384932	2018	1	0.9758019390453148	correct_baseline
5584611	2016			correct_baseline
5584611	2017			correct_baseline
5584611	2018			correct_baseline
2772666	2016	3	1.1471880746544527	correct_baseline
2772666	2017	3	1.1454286326562937	correct_baseline
2772666	2018	3	1.1434906939211722	correct_baseline
2474936	2016			correct_baseline
2474936	2017			correct_baseline
2474936	2018			correct_baseline
7855120	2016	1	0.8416822668291422	correct_baseline
7855120	2017	1	0.8280303885177268	correct_baseline
7855120	2018	1	0.8130112975259959	correct_baseline
7358948	2016			correct_baseline
7358948	2017			correct_baseline
7358948	2018			correct_baseline
2891755	2016			correct_baseline
2891755	2017			correct_baseline
2891755	2018			correct_baseline
9326020	2016	0	0.9581319337738855	correct_baseline
9326020	2017	0	0.8825297910867076	correct_baseline
9326020	2018	0	0.8115374588694123	correct_baseline
7294681	2016			correct_baseline
7294681	2017			correct_baseline
7294681	2018			correct_baseline
2498305	2016	0	0.8103047730814725	correct_baseline
2498305	2017	0	0.7956886164968533	correct_baseline
2498305	2018	0	0.7812996299356361	correct_baseline
3021496	2016	3	1.2145992470842781	correct_baseline
3021496	2017	3	1.2162640685470953	correct_baseline
3021496	2018	3	1.2160522560563738	correct_baseline
5300102	2016			correct_baseline
5300102	2017			correct_baseline
5300102	2018			correct_baseline
3067119	2016	3	1.3339160790768072	correct_baseline
3067119	2017	3	1.406127552204272	correct_baseline
3067119	2018	3	1.4791839350896607	correct_baseline
2685796	2016	1	0.9806292690914407	correct_baseline
2685796	2017	1	0.9749296084104464	correct_baseline
2685796	2018	1	0.969239429467901	correct_baseline
2437450	2016			correct_baseline
2437450	2017			correct_baseline
2437450	2018			correct_baseline
3125933	2016			correct_baseline
3125933	2017			correct_baseline
3125933	2018			correct_baseline
2704523	2016	1	0.8051326490226558	correct_baseline
2704523	2017	1	0.6090439830008837	correct_baseline
2704523	2018	1	0.45552918464375414	correct_baseline
2498344	2016	3	1.0310863680376419	correct_baseline
2498344	2017	3	1.0525486946609868	correct_baseline
2498344	2018	3	1.0737275541738491	correct_baseline
2706209	2016	3	1.3858870663419054	correct_baseline
2706209	2017	3	1.4054021277969684	correct_baseline
2706209	2018	3	1.425109704891774	correct_baseline
2686157	2016	3	1.045053441393553	correct_baseline
2686157	2017	3	1.044019904813032	correct_baseline
2686157	2018	3	1.0429656892336303	correct_baseline
3169329	2016			correct_baseline
3169329	2017			correct_baseline
3169329	2018			correct_baseline
5359660	2016			correct_baseline
5359660	2017			correct_baseline
5359660	2018			correct_baseline
2705932	2016			correct_baseline
2705932	2017			correct_baseline
2705932	2018			correct_baseline
2498390	2016			correct_baseline
2498390	2017			correct_baseline
2498390	2018			correct_baseline
2687182	2016			correct_baseline
2687182	2017			correct_baseline
2687182	2018			correct_baseline
2888867	2016			correct_baseline
2888867	2017			correct_baseline
2888867	2018			correct_baseline
5304294	2016	3	1.05544265058728	correct_baseline
5304294	2017	3	1.054429318867542	correct_baseline
5304294	2018	3	1.0533454018851696	correct_baseline
2474416	2016			correct_baseline
2474416	2017			correct_baseline
2474416	2018			correct_baseline
5232423	2016			correct_baseline
5232423	2017			correct_baseline
5232423	2018			correct_baseline
3040184	2016	3	1.083832581317213	correct_baseline
3040184	2017	3	1.0611703563683286	correct_baseline
3040184	2018	3	1.0370561516403738	correct_baseline
8035075	2016	3	1.1276014835856758	correct_baseline
8035075	2017	3	1.1091135178728038	correct_baseline
8035075	2018	3	1.0889090932440917	correct_baseline
5355395	2016			correct_baseline
5355395	2017			correct_baseline
5355395	2018			correct_baseline
5384347	2016			correct_baseline
5384347	2017			correct_baseline
5384347	2018			correct_baseline
2702822	2016			correct_baseline
2702822	2017			correct_baseline
2702822	2018			correct_baseline
5392145	2016	0	0.6213323297330503	correct_baseline
5392145	2017	0	0.5750061860001944	correct_baseline
5392145	2018	0	0.5309828325521243	correct_baseline
3026294	2016	1	0.8778307268361232	correct_baseline
3026294	2017	1	0.8767508120282917	correct_baseline
3026294	2018	1	0.8754770333865878	correct_baseline
2888625	2016	3	1.0592129156564163	correct_baseline
2888625	2017	3	1.0623115398706366	correct_baseline
2888625	2018	3	1.0632581266294359	correct_baseline
2985965	2016	0	0.8461970639793651	correct_baseline
2985965	2017	0	0.7089507442850714	correct_baseline
2985965	2018	0	0.5886364169740893	correct_baseline
2227300	2016	3	1.0338339112787849	correct_baseline
2227300	2017	1	0.9870166669303301	correct_baseline
2227300	2018	1	0.9407853972262163	correct_baseline
5669632	2016			correct_baseline
5669632	2017			correct_baseline
5669632	2018			correct_baseline
7443846	2016			correct_baseline
7443846	2017			correct_baseline
7443846	2018			correct_baseline
3033242	2016	3	1.333129421686222	correct_baseline
3033242	2017	3	1.350129659837343	correct_baseline
3033242	2018	3	1.36709876362957	correct_baseline
5281901	2016	0	0.9642734700818676	correct_baseline
5281901	2017	0	0.8800630970521233	correct_baseline
5281901	2018	0	0.8013728899590055	correct_baseline
2142456	2016			correct_baseline
2142456	2017			correct_baseline
2142456	2018			correct_baseline
2687210	2016			correct_baseline
2687210	2017			correct_baseline
2687210	2018			correct_baseline
3084022	2016	3	1.054187099449052	correct_baseline
3084022	2017	3	1.0438471010111772	correct_baseline
3084022	2018	3	1.032965709224723	correct_baseline
2984676	2016	2	1.1595705306085327	correct_baseline
2984676	2017	0	0.8733766621723424	correct_baseline
2984676	2018	0	0.6242029123913438	correct_baseline
3012089	2016	3	1.0831393123102349	correct_baseline
3012089	2017	3	1.0663375152331938	correct_baseline
3012089	2018	3	1.047354401281267	correct_baseline
3147815	2016			correct_baseline
3147815	2017			correct_baseline
3147815	2018			correct_baseline
5232428	2016	0	0.7275436505554338	correct_baseline
5232428	2017	0	0.7062550717216246	correct_baseline
5232428	2018	0	0.6855273499892841	correct_baseline
5415054	2016			correct_baseline
5415054	2017			correct_baseline
5415054	2018			correct_baseline
2995149	2016			correct_baseline
2995149	2017			correct_baseline
2995149	2018			correct_baseline
2480772	2016			correct_baseline
2480772	2017			correct_baseline
2480772	2018			correct_baseline
2479555	2016			correct_baseline
2479555	2017			correct_baseline
2479555	2018			correct_baseline
2157245	2016			correct_baseline
2157245	2017			correct_baseline
2157245	2018			correct_baseline
2766030	2016	3	1.127588930801383	correct_baseline
2766030	2017	3	1.1017867593747757	correct_baseline
2766030	2018	3	1.0749047045485338	correct_baseline
2498001	2016	1	0.8425777598080754	correct_baseline
2498001	2017	1	0.7868780697125715	correct_baseline
2498001	2018	1	0.7334674394168741	correct_baseline
2498384	2016	3	1.0082256315033842	correct_baseline
2498384	2017	3	1.0059575717645868	correct_baseline
2498384	2018	3	1.0035397530156256	correct_baseline
5188971	2016			correct_baseline
5188971	2017			correct_baseline
5188971	2018			correct_baseline
2498154	2016			correct_baseline
2498154	2017			correct_baseline
2498154	2018			correct_baseline
9521148	2016			correct_baseline
9521148	2017			correct_baseline
9521148	2018			correct_baseline
3084015	2016	3	1.0547634381966253	correct_baseline
3084015	2017	1	0.9821649320613908	correct_baseline
3084015	2018	1	0.9110827439046867	correct_baseline
2433652	2016			correct_baseline
2433652	2017			correct_baseline
2433652	2018			correct_baseline
7135755	2016	3	1.2035041176098524	correct_baseline
7135755	2017	3	1.155557015438989	correct_baseline
7135755	2018	3	1.1041227292216247	correct_baseline
5218786	2016	0	0.7874019753561303	correct_baseline
5218786	2017	0	0.6451700530599868	correct_baseline
5218786	2018	0	0.5261142758327387	correct_baseline
2498329	2016			correct_baseline
2498329	2017			correct_baseline
2498329	2018			correct_baseline
5229044	2016			correct_baseline
5229044	2017			correct_baseline
5229044	2018			correct_baseline
3112994	2016			correct_baseline
3112994	2017			correct_baseline
3112994	2018			correct_baseline
2434552	2016			correct_baseline
2434552	2017			correct_baseline
2434552	2018			correct_baseline
2494097	2016	0	0.592349980728119	correct_baseline
2494097	2017	0	0.5048972124185458	correct_baseline
2494097	2018	0	0.42969068942362476	correct_baseline
2481104	2016			correct_baseline
2481104	2017			correct_baseline
2481104	2018			correct_baseline
2498160	2016			correct_baseline
2498160	2017			correct_baseline
2498160	2018			correct_baseline
2498064	2016			correct_baseline
2498064	2017			correct_baseline
2498064	2018			correct_baseline
3040232	2016			correct_baseline
3040232	2017			correct_baseline
3040232	2018			correct_baseline
10173593	2016			correct_baseline
10173593	2017			correct_baseline
10173593	2018			correct_baseline
2891774	2016	0	0.8617556801238058	correct_baseline
2891774	2017	0	0.7989485996207917	correct_baseline
2891774	2018	0	0.7382656872053746	correct_baseline
3172099	2016			correct_baseline
3172099	2017			correct_baseline
3172099	2018			correct_baseline
3170247	2016			correct_baseline
3170247	2017			correct_baseline
3170247	2018			correct_baseline
5359169	2016			correct_baseline
5359169	2017			correct_baseline
5359169	2018			correct_baseline
3633319	2016			correct_baseline
3633319	2017			correct_baseline
3633319	2018			correct_baseline
2480181	2016			correct_baseline
2480181	2017			correct_baseline
2480181	2018			correct_baseline
2498162	2016	0	0.7140143050456905	correct_baseline
2498162	2017	0	0.6780491415417599	correct_baseline
2498162	2018	0	0.6437287724497794	correct_baseline
5361888	2016			correct_baseline
5361888	2017			correct_baseline
5361888	2018			correct_baseline
5232445	2016			correct_baseline
5232445	2017			correct_baseline
5232445	2018			correct_baseline
2879098	2016	3	1.0357287831432895	correct_baseline
2879098	2017	1	0.9275317592751715	correct_baseline
2879098	2018	1	0.8071880144381215	correct_baseline
2684191	2016			correct_baseline
2684191	2017			correct_baseline
2684191	2018			correct_baseline
2498007	2016			correct_baseline
2498007	2017			correct_baseline
2498007	2018			correct_baseline
2480350	2016			correct_baseline
2480350	2017			correct_baseline
2480350	2018			correct_baseline
2879504	2016			correct_baseline
2879504	2017			correct_baseline
2879504	2018			correct_baseline
2493698	2016			correct_baseline
2493698	2017			correct_baseline
2493698	2018			correct_baseline
6100996	2016			correct_baseline
6100996	2017			correct_baseline
6100996	2018			correct_baseline
2480352	2016			correct_baseline
2480352	2017			correct_baseline
2480352	2018			correct_baseline
3088310	2016	3	1.0691740999163182	correct_baseline
3088310	2017	3	1.059197631829249	correct_baseline
3088310	2018	3	1.0472195257258003	correct_baseline
2479407	2016	1	0.7863423993774393	correct_baseline
2479407	2017	1	0.7290200657539925	correct_baseline
2479407	2018	1	0.6745775558305472	correct_baseline
5228033	2016			correct_baseline
5228033	2017			correct_baseline
5228033	2018			correct_baseline
2479964	2016			correct_baseline
2479964	2017			correct_baseline
2479964	2018			correct_baseline
4409643	2016	0	0.8172932656718466	correct_baseline
4409643	2017	0	0.8069664335784554	correct_baseline
4409643	2018	0	0.7967108413840965	correct_baseline
2480764	2016	2	0.880970637860495	correct_baseline
2480764	2017	2	0.8873898806291688	correct_baseline
2480764	2018	2	0.8933881181754545	correct_baseline
2217982	2016	3	1.0239347905581393	correct_baseline
2217982	2017	3	1.012257514328597	correct_baseline
2217982	2018	3	1.0006281705275712	correct_baseline
2493660	2016			correct_baseline
2493660	2017			correct_baseline
2493660	2018			correct_baseline
2498181	2016			correct_baseline
2498181	2017			correct_baseline
2498181	2018			correct_baseline
3146683	2016	0	0.9612097749220523	correct_baseline
3146683	2017	0	0.9374268454645678	correct_baseline
3146683	2018	0	0.9139933150526666	correct_baseline
2440954	2016			correct_baseline
2440954	2017			correct_baseline
2440954	2018			correct_baseline
2337607	2016	1	0.7175520758937253	correct_baseline
2337607	2017	1	0.6532207935022759	correct_baseline
2337607	2018	1	0.5929991675000434	correct_baseline
2498408	2016			correct_baseline
2498408	2017			correct_baseline
2498408	2018			correct_baseline
2498090	2016	0	0.8320307435259786	correct_baseline
2498090	2017	0	0.813806949867586	correct_baseline
2498090	2018	0	0.7959279109121727	correct_baseline
5229128	2016			correct_baseline
5229128	2017			correct_baseline
5229128	2018			correct_baseline
2219863	2016	2	0.8134399377639426	correct_baseline
2219863	2017	2	0.8310910133301417	correct_baseline
2219863	2018	2	0.848408697268492	correct_baseline
4314683	2016	1	0.8364525657781681	correct_baseline
4314683	2017	1	0.8166655908240149	correct_baseline
4314683	2018	1	0.7965235076810778	correct_baseline
2498139	2016			correct_baseline
2498139	2017			correct_baseline
2498139	2018			correct_baseline
2480762	2016			correct_baseline
2480762	2017			correct_baseline
2480762	2018			correct_baseline
3083935	2016			correct_baseline
3083935	2017			correct_baseline
3083935	2018			correct_baseline
2481092	2016			correct_baseline
2481092	2017			correct_baseline
2481092	2018			correct_baseline
4401285	2016			correct_baseline
4401285	2017			correct_baseline
4401285	2018			correct_baseline
2498046	2016			correct_baseline
2498046	2017			correct_baseline
2498046	2018			correct_baseline
3033905	2016			correct_baseline
3033905	2017			correct_baseline
3033905	2018			correct_baseline
2706026	2016	0	0.6543033265812332	correct_baseline
2706026	2017	0	0.49252295960354414	correct_baseline
2706026	2018	0	0.36585530156308954	correct_baseline
5189032	2016			correct_baseline
5189032	2017			correct_baseline
5189032	2018			correct_baseline
3040241	2016			correct_baseline
3040241	2017			correct_baseline
3040241	2018			correct_baseline
5406735	2016			correct_baseline
5406735	2017			correct_baseline
5406735	2018			correct_baseline
2480568	2016			correct_baseline
2480568	2017			correct_baseline
2480568	2018			correct_baseline
5341497	2016			correct_baseline
5341497	2017			correct_baseline
5341497	2018			correct_baseline
7752288	2016	3	1.0589527237901073	correct_baseline
7752288	2017	3	1.0601999715960055	correct_baseline
7752288	2018	3	1.0611801505948608	correct_baseline
2498010	2016			correct_baseline
2498010	2017			correct_baseline
2498010	2018			correct_baseline
2362868	2016	2	0.9838539918536999	correct_baseline
2362868	2017	2	0.9917639243550461	correct_baseline
2362868	2018	2	0.998810851445412	correct_baseline
3138192	2016			correct_baseline
3138192	2017			correct_baseline
3138192	2018			correct_baseline
3171888	2016	3	1.2357734194304724	correct_baseline
3171888	2017	3	1.2489635526994778	correct_baseline
3171888	2018	3	1.2619450165651416	correct_baseline
2287249	2016	0	0.7685678164575995	correct_baseline
2287249	2017	0	0.7523319789549437	correct_baseline
2287249	2018	0	0.7363940463227738	correct_baseline
8014966	2016			correct_baseline
8014966	2017			correct_baseline
8014966	2018			correct_baseline
2486151	2016			correct_baseline
2486151	2017			correct_baseline
2486151	2018			correct_baseline
5229205	2016			correct_baseline
5229205	2017			correct_baseline
5229205	2018			correct_baseline
3189939	2016			correct_baseline
3189939	2017			correct_baseline
3189939	2018			correct_baseline
2495342	2016			correct_baseline
2495342	2017			correct_baseline
2495342	2018			correct_baseline
5341394	2016			correct_baseline
5341394	2017			correct_baseline
5341394	2018			correct_baseline
5231398	2016			correct_baseline
5231398	2017			correct_baseline
5231398	2018			correct_baseline
2362030	2016			correct_baseline
2362030	2017			correct_baseline
2362030	2018			correct_baseline
2435035	2016			correct_baseline
2435035	2017			correct_baseline
2435035	2018			correct_baseline
2890541	2016	0	0.9476869724101588	correct_baseline
2890541	2017	0	0.88562567279096	correct_baseline
2890541	2018	0	0.8254769189062275	correct_baseline
7690055	2016			correct_baseline
7690055	2017			correct_baseline
7690055	2018			correct_baseline
2498011	2016			correct_baseline
2498011	2017			correct_baseline
2498011	2018			correct_baseline
4038485	2016			correct_baseline
4038485	2017			correct_baseline
4038485	2018			correct_baseline
5421039	2016	3	1.0627889522410148	correct_baseline
5421039	2017	3	1.0417154385634826	correct_baseline
5421039	2018	3	1.01831816190353	correct_baseline
2498402	2016			correct_baseline
2498402	2017			correct_baseline
2498402	2018			correct_baseline
2494787	2016			correct_baseline
2494787	2017			correct_baseline
2494787	2018			correct_baseline
2484628	2016			correct_baseline
2484628	2017			correct_baseline
2484628	2018			correct_baseline
8323485	2016			correct_baseline
8323485	2017			correct_baseline
8323485	2018			correct_baseline
5358774	2016			correct_baseline
5358774	2017			correct_baseline
5358774	2018			correct_baseline
5359411	2016			correct_baseline
5359411	2017			correct_baseline
5359411	2018			correct_baseline
2172885	2016			correct_baseline
2172885	2017			correct_baseline
2172885	2018			correct_baseline
2498094	2016			correct_baseline
2498094	2017			correct_baseline
2498094	2018			correct_baseline
3028528	2016	3	1.0612994608522208	correct_baseline
3028528	2017	3	1.0312826299318831	correct_baseline
3028528	2018	1	0.9995663242232828	correct_baseline
5369784	2016	3	1.2866951300016192	correct_baseline
5369784	2017	3	1.302885008591084	correct_baseline
5369784	2018	3	1.3186688882304949	correct_baseline
1690429	2016	3	1.0342015296972868	correct_baseline
1690429	2017	3	1.007572482699784	correct_baseline
1690429	2018	1	0.9813243308881633	correct_baseline
3033077	2016	3	1.2646704895457552	correct_baseline
3033077	2017	3	1.284803730427769	correct_baseline
3033077	2018	3	1.3045670727503482	correct_baseline
2367742	2016			correct_baseline
2367742	2017			correct_baseline
2367742	2018			correct_baseline
5420991	2016			correct_baseline
5420991	2017			correct_baseline
5420991	2018			correct_baseline
6096602	2016			correct_baseline
6096602	2017			correct_baseline
6096602	2018			correct_baseline
2473477	2016	1	0.9897194080296571	correct_baseline
2473477	2017	1	0.9764769275669175	correct_baseline
2473477	2018	1	0.9630082458040696	correct_baseline
2481034	2016			correct_baseline
2481034	2017			correct_baseline
2481034	2018			correct_baseline
8745918	2016	0	0.935619804914075	correct_baseline
8745918	2017	0	0.8128071225678093	correct_baseline
8745918	2018	0	0.6961261902622423	correct_baseline
2297108	2016			correct_baseline
2297108	2017			correct_baseline
2297108	2018			correct_baseline
3190411	2016			correct_baseline
3190411	2017			correct_baseline
3190411	2018			correct_baseline
9540191	2016			correct_baseline
9540191	2017			correct_baseline
9540191	2018			correct_baseline
3026074	2016			correct_baseline
3026074	2017			correct_baseline
3026074	2018			correct_baseline
4048240	2016			correct_baseline
4048240	2017			correct_baseline
4048240	2018			correct_baseline
3085357	2016			correct_baseline
3085357	2017			correct_baseline
3085357	2018			correct_baseline
2888636	2016			correct_baseline
2888636	2017			correct_baseline
2888636	2018			correct_baseline
2882849	2016	1	0.9225097152535678	correct_baseline
2882849	2017	1	0.7400437758216041	correct_baseline
2882849	2018	1	0.5787595151794322	correct_baseline
5892120	2016			correct_baseline
5892120	2017			correct_baseline
5892120	2018			correct_baseline
2427091	2016			correct_baseline
2427091	2017			correct_baseline
2427091	2018			correct_baseline
2705512	2016			correct_baseline
2705512	2017			correct_baseline
2705512	2018			correct_baseline
2772174	2016	3	1.229264696035258	correct_baseline
2772174	2017	3	1.2323387840526747	correct_baseline
2772174	2018	3	1.2350865573717416	correct_baseline
3026107	2016			correct_baseline
3026107	2017			correct_baseline
3026107	2018			correct_baseline
5567694	2016			correct_baseline
5567694	2017			correct_baseline
5567694	2018			correct_baseline
9451184	2016	3	1.1366980429182112	correct_baseline
9451184	2017	3	1.1284677960947533	correct_baseline
9451184	2018	3	1.1155703118259763	correct_baseline
5228229	2016			correct_baseline
5228229	2017			correct_baseline
5228229	2018			correct_baseline
2986022	2016			correct_baseline
2986022	2017			correct_baseline
2986022	2018			correct_baseline
2205951	2016	1	0.6037024649102963	correct_baseline
2205951	2017	1	0.5866253934393266	correct_baseline
2205951	2018	1	0.5699984219820905	correct_baseline
2498034	2016	0	0.7224275060643613	correct_baseline
2498034	2017	0	0.610687475347685	correct_baseline
2498034	2018	0	0.5111469830329967	correct_baseline
2480514	2016			correct_baseline
2480514	2017			correct_baseline
2480514	2018			correct_baseline
4315705	2016	1	0.9081146885784879	correct_baseline
4315705	2017	1	0.9001916647706036	correct_baseline
4315705	2018	1	0.8922450007027649	correct_baseline
5229134	2016			correct_baseline
5229134	2017			correct_baseline
5229134	2018			correct_baseline
8190231	2016	3	1.040454052228038	correct_baseline
8190231	2017	1	0.979050551387694	correct_baseline
8190231	2018	1	0.9164154494999215	correct_baseline
2115769	2016			correct_baseline
2115769	2017			correct_baseline
2115769	2018			correct_baseline
9606290	2016			correct_baseline
9606290	2017			correct_baseline
9606290	2018			correct_baseline
2362473	2016			correct_baseline
2362473	2017			correct_baseline
2362473	2018			correct_baseline
8485639	2016	1	0.9157561890553553	correct_baseline
8485639	2017	1	0.9015554003368168	correct_baseline
8485639	2018	1	0.8800921230602987	correct_baseline
7978544	2016	0	0.9272702302113411	correct_baseline
7978544	2017	0	0.9004632135676406	correct_baseline
7978544	2018	0	0.8741465232929556	correct_baseline
2706225	2016			correct_baseline
2706225	2017			correct_baseline
2706225	2018			correct_baseline
2498097	2016			correct_baseline
2498097	2017			correct_baseline
2498097	2018			correct_baseline
4410088	2016			correct_baseline
4410088	2017			correct_baseline
4410088	2018			correct_baseline
2882443	2016			correct_baseline
2882443	2017			correct_baseline
2882443	2018			correct_baseline
5219681	2016			correct_baseline
5219681	2017			correct_baseline
5219681	2018			correct_baseline
5229154	2016			correct_baseline
5229154	2017			correct_baseline
5229154	2018			correct_baseline
2876571	2016			correct_baseline
2876571	2017			correct_baseline
2876571	2018			correct_baseline
5851603	2016	1	0.8964416208150189	correct_baseline
5851603	2017	1	0.8784321708106242	correct_baseline
5851603	2018	1	0.8604786488382393	correct_baseline
4567717	2016			correct_baseline
4567717	2017			correct_baseline
4567717	2018			correct_baseline
7820753	2016	1	0.922467030635749	correct_baseline
7820753	2017	1	0.9106142305331977	correct_baseline
7820753	2018	1	0.8930870513572438	correct_baseline
2266561	2016			correct_baseline
2266561	2017			correct_baseline
2266561	2018			correct_baseline
4354941	2016			correct_baseline
4354941	2017			correct_baseline
4354941	2018			correct_baseline
5178057	2016			correct_baseline
5178057	2017			correct_baseline
5178057	2018			correct_baseline
2331942	2016			correct_baseline
2331942	2017			correct_baseline
2331942	2018			correct_baseline
5182343	2016			correct_baseline
5182343	2017			correct_baseline
5182343	2018			correct_baseline
2493697	2016			correct_baseline
2493697	2017			correct_baseline
2493697	2018			correct_baseline
2327735	2016			correct_baseline
2327735	2017			correct_baseline
2327735	2018			correct_baseline
2498065	2016			correct_baseline
2498065	2017			correct_baseline
2498065	2018			correct_baseline
9450106	2016			correct_baseline
9450106	2017			correct_baseline
9450106	2018			correct_baseline
5372614	2016			correct_baseline
5372614	2017			correct_baseline
5372614	2018			correct_baseline
7683374	2016			correct_baseline
7683374	2017			correct_baseline
7683374	2018			correct_baseline
2227663	2016			correct_baseline
2227663	2017			correct_baseline
2227663	2018			correct_baseline
2498096	2016			correct_baseline
2498096	2017			correct_baseline
2498096	2018			correct_baseline
3172615	2016			correct_baseline
3172615	2017			correct_baseline
3172615	2018			correct_baseline
6091856	2016			correct_baseline
6091856	2017			correct_baseline
6091856	2018			correct_baseline
2493633	2016			correct_baseline
2493633	2017			correct_baseline
2493633	2018			correct_baseline
3064495	2016			correct_baseline
3064495	2017			correct_baseline
3064495	2018			correct_baseline
2220312	2016			correct_baseline
2220312	2017			correct_baseline
2220312	2018			correct_baseline
5229055	2016			correct_baseline
5229055	2017			correct_baseline
5229055	2018			correct_baseline
3054357	2016	3	1.1283510031197734	correct_baseline
3054357	2017	3	1.0941555065069761	correct_baseline
3054357	2018	3	1.0573621204160737	correct_baseline
6026665	2016			correct_baseline
6026665	2017			correct_baseline
6026665	2018			correct_baseline
5361762	2016			correct_baseline
5361762	2017			correct_baseline
5361762	2018			correct_baseline
1313740	2016			correct_baseline
1313740	2017			correct_baseline
1313740	2018			correct_baseline
3152816	2016			correct_baseline
3152816	2017			correct_baseline
3152816	2018			correct_baseline
5329260	2016			correct_baseline
5329260	2017			correct_baseline
5329260	2018			correct_baseline
4067302	2016	3	1.243398840770091	correct_baseline
4067302	2017	3	1.2468268528534128	correct_baseline
4067302	2018	3	1.2487940457538267	correct_baseline
5538946	2016			correct_baseline
5538946	2017			correct_baseline
5538946	2018			correct_baseline
4985072	2016			correct_baseline
4985072	2017			correct_baseline
4985072	2018			correct_baseline
3025896	2016	1	0.8256700556471248	correct_baseline
3025896	2017	1	0.8075984270254649	correct_baseline
3025896	2018	1	0.7893286045974277	correct_baseline
3096529	2016			correct_baseline
3096529	2017			correct_baseline
3096529	2018			correct_baseline
2874706	2016			correct_baseline
2874706	2017			correct_baseline
2874706	2018			correct_baseline
3033261	2016			correct_baseline
3033261	2017			correct_baseline
3033261	2018			correct_baseline
3026004	2016			correct_baseline
3026004	2017			correct_baseline
3026004	2018			correct_baseline
3147018	2016			correct_baseline
3147018	2017			correct_baseline
3147018	2018			correct_baseline
3147168	2016	3	1.0693998538602763	correct_baseline
3147168	2017	3	1.051831218428938	correct_baseline
3147168	2018	3	1.0321596681027765	correct_baseline
5227966	2016			correct_baseline
5227966	2017			correct_baseline
5227966	2018			correct_baseline
5414959	2016			correct_baseline
5414959	2017			correct_baseline
5414959	2018			correct_baseline
2330928	2016			correct_baseline
2330928	2017			correct_baseline
2330928	2018			correct_baseline
4133390	2016			correct_baseline
4133390	2017			correct_baseline
4133390	2018			correct_baseline
2747564	2016	3	1.236712737884739	correct_baseline
2747564	2017	3	1.2104848370850165	correct_baseline
2747564	2018	3	1.1761466101921383	correct_baseline
3000610	2016	3	1.088566020305292	correct_baseline
3000610	2017	3	1.0816175319554655	correct_baseline
3000610	2018	3	1.073420153242588	correct_baseline
2985863	2016			correct_baseline
2985863	2017			correct_baseline
2985863	2018			correct_baseline
3036892	2016			correct_baseline
3036892	2017			correct_baseline
3036892	2018			correct_baseline
3026160	2016			correct_baseline
3026160	2017			correct_baseline
3026160	2018			correct_baseline
5598915	2016	2	1.1022201338556927	correct_baseline
5598915	2017	2	1.0514590097507588	correct_baseline
5598915	2018	2	1.0013973094033215	correct_baseline
2224970	2016			correct_baseline
2224970	2017			correct_baseline
2224970	2018			correct_baseline
2426640	2016			correct_baseline
2426640	2017			correct_baseline
2426640	2018			correct_baseline
3033535	2016			correct_baseline
3033535	2017			correct_baseline
3033535	2018			correct_baseline
5232465	2016			correct_baseline
5232465	2017			correct_baseline
5232465	2018			correct_baseline
2498393	2016			correct_baseline
2498393	2017			correct_baseline
2498393	2018			correct_baseline
2498405	2016			correct_baseline
2498405	2017			correct_baseline
2498405	2018			correct_baseline
5391810	2016			correct_baseline
5391810	2017			correct_baseline
5391810	2018			correct_baseline
7681436	2016			correct_baseline
7681436	2017			correct_baseline
7681436	2018			correct_baseline
3086784	2016			correct_baseline
3086784	2017			correct_baseline
3086784	2018			correct_baseline
2876607	2016	3	1.0876045523537898	correct_baseline
2876607	2017	3	1.0823002775994448	correct_baseline
2876607	2018	3	1.0761614140310962	correct_baseline
5199161	2016			correct_baseline
5199161	2017			correct_baseline
5199161	2018			correct_baseline
3026334	2016			correct_baseline
3026334	2017			correct_baseline
3026334	2018			correct_baseline
2775619	2016	0	0.9353730772078857	correct_baseline
2775619	2017	0	0.8620360534093757	correct_baseline
2775619	2018	0	0.7930977244334831	correct_baseline
3033896	2016			correct_baseline
3033896	2017			correct_baseline
3033896	2018			correct_baseline
8342911	2016			correct_baseline
8342911	2017			correct_baseline
8342911	2018			correct_baseline
2431821	2016			correct_baseline
2431821	2017			correct_baseline
2431821	2018			correct_baseline
7322143	2016			correct_baseline
7322143	2017			correct_baseline
7322143	2018			correct_baseline
2480542	2016			correct_baseline
2480542	2017			correct_baseline
2480542	2018			correct_baseline
5232422	2016			correct_baseline
5232422	2017			correct_baseline
5232422	2018			correct_baseline
7915783	2016			correct_baseline
7915783	2017			correct_baseline
7915783	2018			correct_baseline
3026154	2016	3	1.0438459391152786	correct_baseline
3026154	2017	3	1.0299057778248597	correct_baseline
3026154	2018	3	1.0123071027825934	correct_baseline
5410151	2016			correct_baseline
5410151	2017			correct_baseline
5410151	2018			correct_baseline
2684178	2016			correct_baseline
2684178	2017			correct_baseline
2684178	2018			correct_baseline
3728734	2016			correct_baseline
3728734	2017			correct_baseline
3728734	2018			correct_baseline
3015457	2016			correct_baseline
3015457	2017			correct_baseline
3015457	2018			correct_baseline
5676646	2016			correct_baseline
5676646	2017			correct_baseline
5676646	2018			correct_baseline
2889304	2016			correct_baseline
2889304	2017			correct_baseline
2889304	2018			correct_baseline
7697298	2016			correct_baseline
7697298	2017			correct_baseline
7697298	2018			correct_baseline
5415012	2016	3	1.030468904259021	correct_baseline
5415012	2017	3	1.0808912859413202	correct_baseline
5415012	2018	3	1.0892266570212	correct_baseline
3020871	2016			correct_baseline
3020871	2017			correct_baseline
3020871	2018			correct_baseline
4287131	2016			correct_baseline
4287131	2017			correct_baseline
4287131	2018			correct_baseline
5328909	2016	3	1.1905416383422995	correct_baseline
5328909	2017	3	1.1845546878655748	correct_baseline
5328909	2018	3	1.1575770204035851	correct_baseline
2480985	2016			correct_baseline
2480985	2017			correct_baseline
2480985	2018			correct_baseline
5230734	2016			correct_baseline
5230734	2017			correct_baseline
5230734	2018			correct_baseline
2765940	2016			correct_baseline
2765940	2017			correct_baseline
2765940	2018			correct_baseline
2479955	2016			correct_baseline
2479955	2017			correct_baseline
2479955	2018			correct_baseline
5410210	2016			correct_baseline
5410210	2017			correct_baseline
5410210	2018			correct_baseline
3190522	2016			correct_baseline
3190522	2017			correct_baseline
3190522	2018			correct_baseline
2150043	2016			correct_baseline
2150043	2017			correct_baseline
2150043	2018			correct_baseline
3142208	2016			correct_baseline
3142208	2017			correct_baseline
3142208	2018			correct_baseline
5275404	2016			correct_baseline
5275404	2017			correct_baseline
5275404	2018			correct_baseline
5177089	2016			correct_baseline
5177089	2017			correct_baseline
5177089	2018			correct_baseline
2498411	2016			correct_baseline
2498411	2017			correct_baseline
2498411	2018			correct_baseline
2687885	2016			correct_baseline
2687885	2017			correct_baseline
2687885	2018			correct_baseline
5189713	2016			correct_baseline
5189713	2017			correct_baseline
5189713	2018			correct_baseline
5229136	2016			correct_baseline
5229136	2017			correct_baseline
5229136	2018			correct_baseline
5582033	2016			correct_baseline
5582033	2017			correct_baseline
5582033	2018			correct_baseline
2775530	2016	1	0.97649163663453	correct_baseline
2775530	2017	1	0.9101451340517549	correct_baseline
2775530	2018	1	0.826966800919759	correct_baseline
2926572	2016			correct_baseline
2926572	2017			correct_baseline
2926572	2018			correct_baseline
2650827	2016			correct_baseline
2650827	2017			correct_baseline
2650827	2018			correct_baseline
3170823	2016	3	1.3838315713303777	correct_baseline
3170823	2017	3	1.3709016509431176	correct_baseline
3170823	2018	3	1.3505697755306099	correct_baseline
2874515	2016			correct_baseline
2874515	2017			correct_baseline
2874515	2018			correct_baseline
5959227	2016			correct_baseline
5959227	2017			correct_baseline
5959227	2018			correct_baseline
1749886	2016			correct_baseline
1749886	2017			correct_baseline
1749886	2018			correct_baseline
2489005	2016			correct_baseline
2489005	2017			correct_baseline
2489005	2018			correct_baseline
5177825	2016			correct_baseline
5177825	2017			correct_baseline
5177825	2018			correct_baseline
2498396	2016			correct_baseline
2498396	2017			correct_baseline
2498396	2018			correct_baseline
2498156	2016			correct_baseline
2498156	2017			correct_baseline
2498156	2018			correct_baseline
7818643	2016			correct_baseline
7818643	2017			correct_baseline
7818643	2018			correct_baseline
7645931	2016			correct_baseline
7645931	2017			correct_baseline
7645931	2018			correct_baseline
2479666	2016			correct_baseline
2479666	2017			correct_baseline
2479666	2018			correct_baseline
5341187	2016			correct_baseline
5341187	2017			correct_baseline
5341187	2018			correct_baseline
2651816	2016			correct_baseline
2651816	2017			correct_baseline
2651816	2018			correct_baseline
9153437	2016			correct_baseline
9153437	2017			correct_baseline
9153437	2018			correct_baseline
4416920	2016			correct_baseline
4416920	2017			correct_baseline
4416920	2018			correct_baseline
3083680	2016	1	0.9137017031196095	correct_baseline
3083680	2017	1	0.7286999236450837	correct_baseline
3083680	2018	1	0.5645693503601614	correct_baseline
4938160	2016			correct_baseline
4938160	2017			correct_baseline
4938160	2018			correct_baseline
4382841	2016			correct_baseline
4382841	2017			correct_baseline
4382841	2018			correct_baseline
3026105	2016			correct_baseline
3026105	2017			correct_baseline
3026105	2018			correct_baseline
4314702	2016			correct_baseline
4314702	2017			correct_baseline
4314702	2018			correct_baseline
5232432	2016			correct_baseline
5232432	2017			correct_baseline
5232432	2018			correct_baseline
3139003	2016			correct_baseline
3139003	2017			correct_baseline
3139003	2018			correct_baseline
3133938	2016			correct_baseline
3133938	2017			correct_baseline
3133938	2018			correct_baseline
3172348	2016			correct_baseline
3172348	2017			correct_baseline
3172348	2018			correct_baseline
2874199	2016			correct_baseline
2874199	2017			correct_baseline
2874199	2018			correct_baseline
2982380	2016			correct_baseline
2982380	2017			correct_baseline
2982380	2018			correct_baseline
2437232	2016			correct_baseline
2437232	2017			correct_baseline
2437232	2018			correct_baseline
2498380	2016			correct_baseline
2498380	2017			correct_baseline
2498380	2018			correct_baseline
7127810	2016			correct_baseline
7127810	2017			correct_baseline
7127810	2018			correct_baseline
2480770	2016			correct_baseline
2480770	2017			correct_baseline
2480770	2018			correct_baseline
3067891	2016			correct_baseline
3067891	2017			correct_baseline
3067891	2018			correct_baseline
6369819	2016			correct_baseline
6369819	2017			correct_baseline
6369819	2018			correct_baseline
9791464	2016			correct_baseline
9791464	2017			correct_baseline
9791464	2018			correct_baseline
2718302	2016			correct_baseline
2718302	2017			correct_baseline
2718302	2018			correct_baseline
7564934	2016			correct_baseline
7564934	2017			correct_baseline
7564934	2018			correct_baseline
2865565	2016			correct_baseline
2865565	2017			correct_baseline
2865565	2018			correct_baseline
3152583	2016			correct_baseline
3152583	2017			correct_baseline
3152583	2018			correct_baseline
4283395	2016			correct_baseline
4283395	2017			correct_baseline
4283395	2018			correct_baseline
2874569	2016			correct_baseline
2874569	2017			correct_baseline
2874569	2018			correct_baseline
2481936	2016			correct_baseline
2481936	2017			correct_baseline
2481936	2018			correct_baseline
2492196	2016			correct_baseline
2492196	2017			correct_baseline
2492196	2018			correct_baseline
3133887	2016			correct_baseline
3133887	2017			correct_baseline
3133887	2018			correct_baseline
7335777	2016			correct_baseline
7335777	2017			correct_baseline
7335777	2018			correct_baseline
8537667	2016			correct_baseline
8537667	2017			correct_baseline
8537667	2018			correct_baseline
2891783	2016			correct_baseline
2891783	2017			correct_baseline
2891783	2018			correct_baseline
5334194	2016			correct_baseline
5334194	2017			correct_baseline
5334194	2018			correct_baseline
4344674	2016			correct_baseline
4344674	2017			correct_baseline
4344674	2018			correct_baseline
7862391	2016			correct_baseline
7862391	2017			correct_baseline
7862391	2018			correct_baseline
8080743	2016			correct_baseline
8080743	2017			correct_baseline
8080743	2018			correct_baseline
3024146	2016			correct_baseline
3024146	2017			correct_baseline
3024146	2018			correct_baseline
2498114	2016			correct_baseline
2498114	2017			correct_baseline
2498114	2018			correct_baseline
2473341	2016			correct_baseline
2473341	2017			correct_baseline
2473341	2018			correct_baseline
5408682	2016			correct_baseline
5408682	2017			correct_baseline
5408682	2018			correct_baseline
2440946	2016			correct_baseline
2440946	2017			correct_baseline
2440946	2018			correct_baseline
5229203	2016			correct_baseline
5229203	2017			correct_baseline
5229203	2018			correct_baseline
2926042	2016			correct_baseline
2926042	2017			correct_baseline
2926042	2018			correct_baseline
2494408	2016			correct_baseline
2494408	2017			correct_baseline
2494408	2018			correct_baseline
3025605	2016			correct_baseline
3025605	2017			correct_baseline
3025605	2018			correct_baseline
4568269	2016			correct_baseline
4568269	2017			correct_baseline
4568269	2018			correct_baseline
7802465	2016	3	1.1114299805686878	correct_baseline
7802465	2017	3	1.0477439105923698	correct_baseline
7802465	2018	1	0.9855200521029307	correct_baseline
3981543	2016			correct_baseline
3981543	2017			correct_baseline
3981543	2018			correct_baseline
2925366	2016			correct_baseline
2925366	2017			correct_baseline
2925366	2018			correct_baseline
3039046	2016			correct_baseline
3039046	2017			correct_baseline
3039046	2018			correct_baseline
2867631	2016	3	1.360673359820416	correct_baseline
2867631	2017	3	1.4848276755835117	correct_baseline
2867631	2018	3	1.6190825072393027	correct_baseline
3046015	2016			correct_baseline
3046015	2017			correct_baseline
3046015	2018			correct_baseline
2498345	2016			correct_baseline
2498345	2017			correct_baseline
2498345	2018			correct_baseline
3172266	2016			correct_baseline
3172266	2017			correct_baseline
3172266	2018			correct_baseline
2480410	2016			correct_baseline
2480410	2017			correct_baseline
2480410	2018			correct_baseline
5353590	2016			correct_baseline
5353590	2017			correct_baseline
5353590	2018			correct_baseline
2765156	2016			correct_baseline
2765156	2017			correct_baseline
2765156	2018			correct_baseline
3026092	2016	0	0.8448754756567598	correct_baseline
3026092	2017	0	0.714137938878659	correct_baseline
3026092	2018	0	0.6017469453992591	correct_baseline
3054117	2016			correct_baseline
3054117	2017			correct_baseline
3054117	2018			correct_baseline
8104460	2016			correct_baseline
8104460	2017			correct_baseline
8104460	2018			correct_baseline
2870583	2016			correct_baseline
2870583	2017			correct_baseline
2870583	2018			correct_baseline
2402129	2016			correct_baseline
2402129	2017			correct_baseline
2402129	2018			correct_baseline
3032646	2016			correct_baseline
3032646	2017			correct_baseline
3032646	2018			correct_baseline
3151692	2016			correct_baseline
3151692	2017			correct_baseline
3151692	2018			correct_baseline
7540164	2016	2	1.0096133517417236	correct_baseline
7540164	2017	0	0.9468449808443037	correct_baseline
7540164	2018	0	0.8864329102391026	correct_baseline
4127352	2016			correct_baseline
4127352	2017			correct_baseline
4127352	2018			correct_baseline
2486131	2016			correct_baseline
2486131	2017			correct_baseline
2486131	2018			correct_baseline
2220347	2016			correct_baseline
2220347	2017			correct_baseline
2220347	2018			correct_baseline
2495494	2016			correct_baseline
2495494	2017			correct_baseline
2495494	2018			correct_baseline
2857697	2016			correct_baseline
2857697	2017			correct_baseline
2857697	2018			correct_baseline
7351929	2016			correct_baseline
7351929	2017			correct_baseline
7351929	2018			correct_baseline
3026040	2016			correct_baseline
3026040	2017			correct_baseline
3026040	2018			correct_baseline
5930559	2016			correct_baseline
5930559	2017			correct_baseline
5930559	2018			correct_baseline
3025564	2016			correct_baseline
3025564	2017			correct_baseline
3025564	2018			correct_baseline
7262908	2016			correct_baseline
7262908	2017			correct_baseline
7262908	2018			correct_baseline
3026162	2016			correct_baseline
3026162	2017			correct_baseline
3026162	2018			correct_baseline
4933624	2016			correct_baseline
4933624	2017			correct_baseline
4933624	2018			correct_baseline
2888579	2016			correct_baseline
2888579	2017			correct_baseline
2888579	2018			correct_baseline
4046493	2016			correct_baseline
4046493	2017			correct_baseline
4046493	2018			correct_baseline
5396474	2016			correct_baseline
5396474	2017			correct_baseline
5396474	2018			correct_baseline
2489080	2016			correct_baseline
2489080	2017			correct_baseline
2489080	2018			correct_baseline
7319302	2016			correct_baseline
7319302	2017			correct_baseline
7319302	2018			correct_baseline
1749449	2016			correct_baseline
1749449	2017			correct_baseline
1749449	2018			correct_baseline
5334240	2016			correct_baseline
5334240	2017			correct_baseline
5334240	2018			correct_baseline
2888797	2016			correct_baseline
2888797	2017			correct_baseline
2888797	2018			correct_baseline
7263145	2016			correct_baseline
7263145	2017			correct_baseline
7263145	2018			correct_baseline
2498084	2016			correct_baseline
2498084	2017			correct_baseline
2498084	2018			correct_baseline
2484103	2016			correct_baseline
2484103	2017			correct_baseline
2484103	2018			correct_baseline
1316805	2016			correct_baseline
1316805	2017			correct_baseline
1316805	2018			correct_baseline
2321012	2016			correct_baseline
2321012	2017			correct_baseline
2321012	2018			correct_baseline
7307327	2016			correct_baseline
7307327	2017			correct_baseline
7307327	2018			correct_baseline
3188926	2016			correct_baseline
3188926	2017			correct_baseline
3188926	2018			correct_baseline
3188829	2016			correct_baseline
3188829	2017			correct_baseline
3188829	2018			correct_baseline
2537743	2016			correct_baseline
2537743	2017			correct_baseline
2537743	2018			correct_baseline
3032653	2016			correct_baseline
3032653	2017			correct_baseline
3032653	2018			correct_baseline
2891664	2016			correct_baseline
2891664	2017			correct_baseline
2891664	2018			correct_baseline
7322292	2016			correct_baseline
7322292	2017			correct_baseline
7322292	2018			correct_baseline
2153287	2016			correct_baseline
2153287	2017			correct_baseline
2153287	2018			correct_baseline
2888585	2016			correct_baseline
2888585	2017			correct_baseline
2888585	2018			correct_baseline
3026049	2016			correct_baseline
3026049	2017			correct_baseline
3026049	2018			correct_baseline
8993502	2016			correct_baseline
8993502	2017			correct_baseline
8993502	2018			correct_baseline
2767031	2016			correct_baseline
2767031	2017			correct_baseline
2767031	2018			correct_baseline
2489071	2016			correct_baseline
2489071	2017			correct_baseline
2489071	2018			correct_baseline
3001362	2016			correct_baseline
3001362	2017			correct_baseline
3001362	2018			correct_baseline
3664589	2016			correct_baseline
3664589	2017			correct_baseline
3664589	2018			correct_baseline
3172613	2016			correct_baseline
3172613	2017			correct_baseline
3172613	2018			correct_baseline
3152824	2016			correct_baseline
3152824	2017			correct_baseline
3152824	2018			correct_baseline
1652212	2016			correct_baseline
1652212	2017			correct_baseline
1652212	2018			correct_baseline
3069300	2016			correct_baseline
3069300	2017			correct_baseline
3069300	2018			correct_baseline
2482519	2016			correct_baseline
2482519	2017			correct_baseline
2482519	2018			correct_baseline
3036033	2016			correct_baseline
3036033	2017			correct_baseline
3036033	2018			correct_baseline
3189883	2016			correct_baseline
3189883	2017			correct_baseline
3189883	2018			correct_baseline
2437394	2016			correct_baseline
2437394	2017			correct_baseline
2437394	2018			correct_baseline
5284237	2016			correct_baseline
5284237	2017			correct_baseline
5284237	2018			correct_baseline
3069460	2016			correct_baseline
3069460	2017			correct_baseline
3069460	2018			correct_baseline
4486365	2016			correct_baseline
4486365	2017			correct_baseline
4486365	2018			correct_baseline
2225772	2016			correct_baseline
2225772	2017			correct_baseline
2225772	2018			correct_baseline
2501248	2016			correct_baseline
2501248	2017			correct_baseline
2501248	2018			correct_baseline
5671747	2016			correct_baseline
5671747	2017			correct_baseline
5671747	2018			correct_baseline
3088488	2016			correct_baseline
3088488	2017			correct_baseline
3088488	2018			correct_baseline
5415056	2016			correct_baseline
5415056	2017			correct_baseline
5415056	2018			correct_baseline
2480766	2016			correct_baseline
2480766	2017			correct_baseline
2480766	2018			correct_baseline
2475648	2016			correct_baseline
2475648	2017			correct_baseline
2475648	2018			correct_baseline
2869311	2016			correct_baseline
2869311	2017			correct_baseline
2869311	2018			correct_baseline
7664179	2016			correct_baseline
7664179	2017			correct_baseline
7664179	2018			correct_baseline
7882646	2016			correct_baseline
7882646	2017			correct_baseline
7882646	2018			correct_baseline
9185677	2016			correct_baseline
9185677	2017			correct_baseline
9185677	2018			correct_baseline
3131614	2016			correct_baseline
3131614	2017			correct_baseline
3131614	2018			correct_baseline
3741446	2016			correct_baseline
3741446	2017			correct_baseline
3741446	2018			correct_baseline
2484133	2016			correct_baseline
2484133	2017			correct_baseline
2484133	2018			correct_baseline
2683894	2016			correct_baseline
2683894	2017			correct_baseline
2683894	2018			correct_baseline
2479329	2016			correct_baseline
2479329	2017			correct_baseline
2479329	2018			correct_baseline
3131367	2016			correct_baseline
3131367	2017			correct_baseline
3131367	2018			correct_baseline
10172912	2016			correct_baseline
10172912	2017			correct_baseline
10172912	2018			correct_baseline
5421180	2016			correct_baseline
5421180	2017			correct_baseline
5421180	2018			correct_baseline
9685907	2016			correct_baseline
9685907	2017			correct_baseline
9685907	2018			correct_baseline
3645346	2016			correct_baseline
3645346	2017			correct_baseline
3645346	2018			correct_baseline
5959231	2016			correct_baseline
5959231	2017			correct_baseline
5959231	2018			correct_baseline
1652150	2016			correct_baseline
1652150	2017			correct_baseline
1652150	2018			correct_baseline
7832723	2016			correct_baseline
7832723	2017			correct_baseline
7832723	2018			correct_baseline
2379245	2016			correct_baseline
2379245	2017			correct_baseline
2379245	2018			correct_baseline
3666323	2016			correct_baseline
3666323	2017			correct_baseline
3666323	2018			correct_baseline
3170040	2016			correct_baseline
3170040	2017			correct_baseline
3170040	2018			correct_baseline
2439838	2016			correct_baseline
2439838	2017			correct_baseline
2439838	2018			correct_baseline
1450317	2016			correct_baseline
1450317	2017			correct_baseline
1450317	2018			correct_baseline
5361944	2016			correct_baseline
5361944	2017			correct_baseline
5361944	2018			correct_baseline
1031394	2016			correct_baseline
1031394	2017			correct_baseline
1031394	2018			correct_baseline
2927727	2016			correct_baseline
2927727	2017			correct_baseline
2927727	2018			correct_baseline
4934105	2016			correct_baseline
4934105	2017			correct_baseline
4934105	2018			correct_baseline
2728060	2016			correct_baseline
2728060	2017			correct_baseline
2728060	2018			correct_baseline
1008955	2016			correct_baseline
1008955	2017			correct_baseline
1008955	2018			correct_baseline
3034602	2016			correct_baseline
3034602	2017			correct_baseline
3034602	2018			correct_baseline
2215949	2016			correct_baseline
2215949	2017			correct_baseline
2215949	2018			correct_baseline
3886505	2016			correct_baseline
3886505	2017			correct_baseline
3886505	2018			correct_baseline
2479311	2016			correct_baseline
2479311	2017			correct_baseline
2479311	2018			correct_baseline
2498145	2016			correct_baseline
2498145	2017			correct_baseline
2498145	2018			correct_baseline
2685552	2016			correct_baseline
2685552	2017			correct_baseline
2685552	2018			correct_baseline
5284950	2016			correct_baseline
5284950	2017			correct_baseline
5284950	2018			correct_baseline
3586046	2016			correct_baseline
3586046	2017			correct_baseline
3586046	2018			correct_baseline
2479544	2016			correct_baseline
2479544	2017			correct_baseline
2479544	2018			correct_baseline
5598598	2016			correct_baseline
5598598	2017			correct_baseline
5598598	2018			correct_baseline
2959443	2016			correct_baseline
2959443	2017			correct_baseline
2959443	2018			correct_baseline
2494066	2016			correct_baseline
2494066	2017			correct_baseline
2494066	2018			correct_baseline
2767229	2016			correct_baseline
2767229	2017			correct_baseline
2767229	2018			correct_baseline
2489010	2016			correct_baseline
2489010	2017			correct_baseline
2489010	2018			correct_baseline
2494070	2016			correct_baseline
2494070	2017			correct_baseline
2494070	2018			correct_baseline
5332120	2016			correct_baseline
5332120	2017			correct_baseline
5332120	2018			correct_baseline
5333354	2016			correct_baseline
5333354	2017			correct_baseline
5333354	2018			correct_baseline
3039272	2016			correct_baseline
3039272	2017			correct_baseline
3039272	2018			correct_baseline
5328593	2016			correct_baseline
5328593	2017			correct_baseline
5328593	2018			correct_baseline
3033396	2016			correct_baseline
3033396	2017			correct_baseline
3033396	2018			correct_baseline
5559837	2016			correct_baseline
5559837	2017			correct_baseline
5559837	2018			correct_baseline
3889056	2016			correct_baseline
3889056	2017			correct_baseline
3889056	2018			correct_baseline
2703231	2016			correct_baseline
2703231	2017			correct_baseline
2703231	2018			correct_baseline
2514972	2016			correct_baseline
2514972	2017			correct_baseline
2514972	2018			correct_baseline
3112364	2016			correct_baseline
3112364	2017			correct_baseline
3112364	2018			correct_baseline
3027341	2016			correct_baseline
3027341	2017			correct_baseline
3027341	2018			correct_baseline
2489004	2016			correct_baseline
2489004	2017			correct_baseline
2489004	2018			correct_baseline
5602664	2016			correct_baseline
5602664	2017			correct_baseline
5602664	2018			correct_baseline
3033965	2016			correct_baseline
3033965	2017			correct_baseline
3033965	2018			correct_baseline
2687948	2016			correct_baseline
2687948	2017			correct_baseline
2687948	2018			correct_baseline
4417131	2016			correct_baseline
4417131	2017			correct_baseline
4417131	2018			correct_baseline
3171952	2016			correct_baseline
3171952	2017			correct_baseline
3171952	2018			correct_baseline
4559541	2016			correct_baseline
4559541	2017			correct_baseline
4559541	2018			correct_baseline
3034015	2016			correct_baseline
3034015	2017			correct_baseline
3034015	2018			correct_baseline
3064669	2016			correct_baseline
3064669	2017			correct_baseline
3064669	2018			correct_baseline
5421385	2016			correct_baseline
5421385	2017			correct_baseline
5421385	2018			correct_baseline
2928761	2016			correct_baseline
2928761	2017			correct_baseline
2928761	2018			correct_baseline
5421389	2016			correct_baseline
5421389	2017			correct_baseline
5421389	2018			correct_baseline
2717467	2016			correct_baseline
2717467	2017			correct_baseline
2717467	2018			correct_baseline
3025932	2016			correct_baseline
3025932	2017			correct_baseline
3025932	2018			correct_baseline
1325561	2016			correct_baseline
1325561	2017			correct_baseline
1325561	2018			correct_baseline
5617467	2016			correct_baseline
5617467	2017			correct_baseline
5617467	2018			correct_baseline
7102937	2016			correct_baseline
7102937	2017			correct_baseline
7102937	2018			correct_baseline
2480075	2016			correct_baseline
2480075	2017			correct_baseline
2480075	2018			correct_baseline
3000406	2016			correct_baseline
3000406	2017			correct_baseline
3000406	2018			correct_baseline
2490384	2016			correct_baseline
2490384	2017			correct_baseline
2490384	2018			correct_baseline
5395475	2016			correct_baseline
5395475	2017			correct_baseline
5395475	2018			correct_baseline
3740974	2016			correct_baseline
3740974	2017			correct_baseline
3740974	2018			correct_baseline
8362005	2016			correct_baseline
8362005	2017			correct_baseline
8362005	2018			correct_baseline
5363819	2016			correct_baseline
5363819	2017			correct_baseline
5363819	2018			correct_baseline
2986132	2016			correct_baseline
2986132	2017			correct_baseline
2986132	2018			correct_baseline
1651430	2016			correct_baseline
1651430	2017			correct_baseline
1651430	2018			correct_baseline
2379089	2016			correct_baseline
2379089	2017			correct_baseline
2379089	2018			correct_baseline
2723271	2016			correct_baseline
2723271	2017			correct_baseline
2723271	2018			correct_baseline
3690997	2016			correct_baseline
3690997	2017			correct_baseline
3690997	2018			correct_baseline
2287073	2016			correct_baseline
2287073	2017			correct_baseline
2287073	2018			correct_baseline
4565039	2016			correct_baseline
4565039	2017			correct_baseline
4565039	2018			correct_baseline
2474029	2016			correct_baseline
2474029	2017			correct_baseline
2474029	2018			correct_baseline
5367214	2016			correct_baseline
5367214	2017			correct_baseline
5367214	2018			correct_baseline
2476041	2016			correct_baseline
2476041	2017			correct_baseline
2476041	2018			correct_baseline
3138195	2016			correct_baseline
3138195	2017			correct_baseline
3138195	2018			correct_baseline
4034001	2016			correct_baseline
4034001	2017			correct_baseline
4034001	2018			correct_baseline
5370006	2016			correct_baseline
5370006	2017			correct_baseline
5370006	2018			correct_baseline
3642531	2016			correct_baseline
3642531	2017			correct_baseline
3642531	2018			correct_baseline
7989836	2016			correct_baseline
7989836	2017			correct_baseline
7989836	2018			correct_baseline
5640518	2016			correct_baseline
5640518	2017			correct_baseline
5640518	2018			correct_baseline
2747489	2016			correct_baseline
2747489	2017			correct_baseline
2747489	2018			correct_baseline
2498313	2016			correct_baseline
2498313	2017			correct_baseline
2498313	2018			correct_baseline
2402168	2016			correct_baseline
2402168	2017			correct_baseline
2402168	2018			correct_baseline
2767271	2016			correct_baseline
2767271	2017			correct_baseline
2767271	2018			correct_baseline
7127354	2016			correct_baseline
7127354	2017			correct_baseline
7127354	2018			correct_baseline
5289503	2016			correct_baseline
5289503	2017			correct_baseline
5289503	2018			correct_baseline
2225646	2016			correct_baseline
2225646	2017			correct_baseline
2225646	2018			correct_baseline
4372686	2016			correct_baseline
4372686	2017			correct_baseline
4372686	2018			correct_baseline
2994120	2016			correct_baseline
2994120	2017			correct_baseline
2994120	2018			correct_baseline
5739357	2016			correct_baseline
5739357	2017			correct_baseline
5739357	2018			correct_baseline
5356541	2016			correct_baseline
5356541	2017			correct_baseline
5356541	2018			correct_baseline
2053954	2016			correct_baseline
2053954	2017			correct_baseline
2053954	2018			correct_baseline
3026024	2016			correct_baseline
3026024	2017			correct_baseline
3026024	2018			correct_baseline
2726360	2016			correct_baseline
2726360	2017			correct_baseline
2726360	2018			correct_baseline
5401007	2016			correct_baseline
5401007	2017			correct_baseline
5401007	2018			correct_baseline
1311477	2016			correct_baseline
1311477	2017			correct_baseline
1311477	2018			correct_baseline
2889005	2016			correct_baseline
2889005	2017			correct_baseline
2889005	2018			correct_baseline
2925816	2016			correct_baseline
2925816	2017			correct_baseline
2925816	2018			correct_baseline
2701612	2016			correct_baseline
2701612	2017			correct_baseline
2701612	2018			correct_baseline
5228080	2016			correct_baseline
5228080	2017			correct_baseline
5228080	2018			correct_baseline
7291264	2016			correct_baseline
7291264	2017			correct_baseline
7291264	2018			correct_baseline
2703041	2016			correct_baseline
2703041	2017			correct_baseline
2703041	2018			correct_baseline
1031400	2016			correct_baseline
1031400	2017			correct_baseline
1031400	2018			correct_baseline
5415455	2016			correct_baseline
5415455	2017			correct_baseline
5415455	2018			correct_baseline
2889010	2016			correct_baseline
2889010	2017			correct_baseline
2889010	2018			correct_baseline
3104150	2016			correct_baseline
3104150	2017			correct_baseline
3104150	2018			correct_baseline
4139345	2016			correct_baseline
4139345	2017			correct_baseline
4139345	2018			correct_baseline
2772958	2016			correct_baseline
2772958	2017			correct_baseline
2772958	2018			correct_baseline
3121258	2016			correct_baseline
3121258	2017			correct_baseline
3121258	2018			correct_baseline
5230862	2016			correct_baseline
5230862	2017			correct_baseline
5230862	2018			correct_baseline
2362486	2016			correct_baseline
2362486	2017			correct_baseline
2362486	2018			correct_baseline
7156971	2016			correct_baseline
7156971	2017			correct_baseline
7156971	2018			correct_baseline
5371605	2016			correct_baseline
5371605	2017			correct_baseline
5371605	2018			correct_baseline
2437397	2016			correct_baseline
2437397	2017			correct_baseline
2437397	2018			correct_baseline
5411392	2016			correct_baseline
5411392	2017			correct_baseline
5411392	2018			correct_baseline
5414239	2016			correct_baseline
5414239	2017			correct_baseline
5414239	2018			correct_baseline
2490789	2016			correct_baseline
2490789	2017			correct_baseline
2490789	2018			correct_baseline
5740285	2016			correct_baseline
5740285	2017			correct_baseline
5740285	2018			correct_baseline
2928861	2016			correct_baseline
2928861	2017			correct_baseline
2928861	2018			correct_baseline
8207952	2016			correct_baseline
8207952	2017			correct_baseline
8207952	2018			correct_baseline
3902360	2016			correct_baseline
3902360	2017			correct_baseline
3902360	2018			correct_baseline
2855439	2016			correct_baseline
2855439	2017			correct_baseline
2855439	2018			correct_baseline
5392271	2016			correct_baseline
5392271	2017			correct_baseline
5392271	2018			correct_baseline
5354707	2016			correct_baseline
5354707	2017			correct_baseline
5354707	2018			correct_baseline
2480800	2016			correct_baseline
2480800	2017			correct_baseline
2480800	2018			correct_baseline
8242349	2016			correct_baseline
8242349	2017			correct_baseline
8242349	2018			correct_baseline
8214730	2016			correct_baseline
8214730	2017			correct_baseline
8214730	2018			correct_baseline
3054352	2016			correct_baseline
3054352	2017			correct_baseline
3054352	2018			correct_baseline
2928238	2016			correct_baseline
2928238	2017			correct_baseline
2928238	2018			correct_baseline
8010851	2016			correct_baseline
8010851	2017			correct_baseline
8010851	2018			correct_baseline
2875968	2016			correct_baseline
2875968	2017			correct_baseline
2875968	2018			correct_baseline
5584240	2016			correct_baseline
5584240	2017			correct_baseline
5584240	2018			correct_baseline
3169120	2016			correct_baseline
3169120	2017			correct_baseline
3169120	2018			correct_baseline
2925496	2016			correct_baseline
2925496	2017			correct_baseline
2925496	2018			correct_baseline
1031742	2016			correct_baseline
1031742	2017			correct_baseline
1031742	2018			correct_baseline
7912328	2016			correct_baseline
7912328	2017			correct_baseline
7912328	2018			correct_baseline
3189073	2016			correct_baseline
3189073	2017			correct_baseline
3189073	2018			correct_baseline
4532122	2016			correct_baseline
4532122	2017			correct_baseline
4532122	2018			correct_baseline
5845390	2016			correct_baseline
5845390	2017			correct_baseline
5845390	2018			correct_baseline
8773480	2016			correct_baseline
8773480	2017			correct_baseline
8773480	2018			correct_baseline
2321010	2016			correct_baseline
2321010	2017			correct_baseline
2321010	2018			correct_baseline
5410826	2016			correct_baseline
5410826	2017			correct_baseline
5410826	2018			correct_baseline
3829143	2016			correct_baseline
3829143	2017			correct_baseline
3829143	2018			correct_baseline
7823272	2016			correct_baseline
7823272	2017			correct_baseline
7823272	2018			correct_baseline
2971033	2016			correct_baseline
2971033	2017			correct_baseline
2971033	2018			correct_baseline
2495190	2016			correct_baseline
2495190	2017			correct_baseline
2495190	2018			correct_baseline
5384931	2016			correct_baseline
5384931	2017			correct_baseline
5384931	2018			correct_baseline
4285968	2016			correct_baseline
4285968	2017			correct_baseline
4285968	2018			correct_baseline
1152186	2016			correct_baseline
1152186	2017			correct_baseline
1152186	2018			correct_baseline
5227993	2016			correct_baseline
5227993	2017			correct_baseline
5227993	2018			correct_baseline
8044946	2016			correct_baseline
8044946	2017			correct_baseline
8044946	2018			correct_baseline
2927744	2016			correct_baseline
2927744	2017			correct_baseline
2927744	2018			correct_baseline
2985944	2016			correct_baseline
2985944	2017			correct_baseline
2985944	2018			correct_baseline
3012103	2016			correct_baseline
3012103	2017			correct_baseline
3012103	2018			correct_baseline
2480446	2016			correct_baseline
2480446	2017			correct_baseline
2480446	2018			correct_baseline
3025758	2016			correct_baseline
3025758	2017			correct_baseline
3025758	2018			correct_baseline
2891677	2016			correct_baseline
2891677	2017			correct_baseline
2891677	2018			correct_baseline
2747939	2016			correct_baseline
2747939	2017			correct_baseline
2747939	2018			correct_baseline
9018536	2016			correct_baseline
9018536	2017			correct_baseline
9018536	2018			correct_baseline
3164340	2016			correct_baseline
3164340	2017			correct_baseline
3164340	2018			correct_baseline
2928034	2016			correct_baseline
2928034	2017			correct_baseline
2928034	2018			correct_baseline
2890651	2016			correct_baseline
2890651	2017			correct_baseline
2890651	2018			correct_baseline
5334527	2016			correct_baseline
5334527	2017			correct_baseline
5334527	2018			correct_baseline
5341558	2016			correct_baseline
5341558	2017			correct_baseline
5341558	2018			correct_baseline
5372827	2016			correct_baseline
5372827	2017			correct_baseline
5372827	2018			correct_baseline
3678256	2016			correct_baseline
3678256	2017			correct_baseline
3678256	2018			correct_baseline
5329643	2016			correct_baseline
5329643	2017			correct_baseline
5329643	2018			correct_baseline
7322738	2016			correct_baseline
7322738	2017			correct_baseline
7322738	2018			correct_baseline
2480102	2016			correct_baseline
2480102	2017			correct_baseline
2480102	2018			correct_baseline
2890623	2016			correct_baseline
2890623	2017			correct_baseline
2890623	2018			correct_baseline
3040928	2016			correct_baseline
3040928	2017			correct_baseline
3040928	2018			correct_baseline
7938233	2016			correct_baseline
7938233	2017			correct_baseline
7938233	2018			correct_baseline
1722299	2016			correct_baseline
1722299	2017			correct_baseline
1722299	2018			correct_baseline
3636471	2016			correct_baseline
3636471	2017			correct_baseline
3636471	2018			correct_baseline
2684984	2016			correct_baseline
2684984	2017			correct_baseline
2684984	2018			correct_baseline
2739071	2016			correct_baseline
2739071	2017			correct_baseline
2739071	2018			correct_baseline
5285074	2016			correct_baseline
5285074	2017			correct_baseline
5285074	2018			correct_baseline
5220170	2016			correct_baseline
5220170	2017			correct_baseline
5220170	2018			correct_baseline
7318448	2016			correct_baseline
7318448	2017			correct_baseline
7318448	2018			correct_baseline
5219380	2016			correct_baseline
5219380	2017			correct_baseline
5219380	2018			correct_baseline
5828216	2016			correct_baseline
5828216	2017			correct_baseline
5828216	2018			correct_baseline
2859597	2016			correct_baseline
2859597	2017			correct_baseline
2859597	2018			correct_baseline
5701337	2016			correct_baseline
5701337	2017			correct_baseline
5701337	2018			correct_baseline
9291405	2016			correct_baseline
9291405	2017			correct_baseline
9291405	2018			correct_baseline
5387639	2016			correct_baseline
5387639	2017			correct_baseline
5387639	2018			correct_baseline
8599762	2016			correct_baseline
8599762	2017			correct_baseline
8599762	2018			correct_baseline
5334253	2016			correct_baseline
5334253	2017			correct_baseline
5334253	2018			correct_baseline
8021567	2016			correct_baseline
8021567	2017			correct_baseline
8021567	2018			correct_baseline
2857679	2016			correct_baseline
2857679	2017			correct_baseline
2857679	2018			correct_baseline
2716838	2016			correct_baseline
2716838	2017			correct_baseline
2716838	2018			correct_baseline
4845776	2016			correct_baseline
4845776	2017			correct_baseline
4845776	2018			correct_baseline
2479553	2016			correct_baseline
2479553	2017			correct_baseline
2479553	2018			correct_baseline
3768287	2016			correct_baseline
3768287	2017			correct_baseline
3768287	2018			correct_baseline
2726538	2016			correct_baseline
2726538	2017			correct_baseline
2726538	2018			correct_baseline
7322373	2016			correct_baseline
7322373	2017			correct_baseline
7322373	2018			correct_baseline
2985994	2016			correct_baseline
2985994	2017			correct_baseline
2985994	2018			correct_baseline
7309012	2016			correct_baseline
7309012	2017			correct_baseline
7309012	2018			correct_baseline
5667614	2016			correct_baseline
5667614	2017			correct_baseline
5667614	2018			correct_baseline
5219683	2016			correct_baseline
5219683	2017			correct_baseline
5219683	2018			correct_baseline
2926992	2016			correct_baseline
2926992	2017			correct_baseline
2926992	2018			correct_baseline
2869597	2016			correct_baseline
2869597	2017			correct_baseline
2869597	2018			correct_baseline
2873994	2016			correct_baseline
2873994	2017			correct_baseline
2873994	2018			correct_baseline
3034046	2016			correct_baseline
3034046	2017			correct_baseline
3034046	2018			correct_baseline
4102952	2016			correct_baseline
4102952	2017			correct_baseline
4102952	2018			correct_baseline
3188859	2016			correct_baseline
3188859	2017			correct_baseline
3188859	2018			correct_baseline
9376410	2016			correct_baseline
9376410	2017			correct_baseline
9376410	2018			correct_baseline
2722515	2016			correct_baseline
2722515	2017			correct_baseline
2722515	2018			correct_baseline
3094939	2016			correct_baseline
3094939	2017			correct_baseline
3094939	2018			correct_baseline
10661581	2016			correct_baseline
10661581	2017			correct_baseline
10661581	2018			correct_baseline
3171304	2016			correct_baseline
3171304	2017			correct_baseline
3171304	2018			correct_baseline
5359099	2016			correct_baseline
5359099	2017			correct_baseline
5359099	2018			correct_baseline
5204034	2016			correct_baseline
5204034	2017			correct_baseline
5204034	2018			correct_baseline
3112361	2016			correct_baseline
3112361	2017			correct_baseline
3112361	2018			correct_baseline
7157952	2016			correct_baseline
7157952	2017			correct_baseline
7157952	2018			correct_baseline
5229204	2016			correct_baseline
5229204	2017			correct_baseline
5229204	2018			correct_baseline
5415453	2016			correct_baseline
5415453	2017			correct_baseline
5415453	2018			correct_baseline
2495691	2016			correct_baseline
2495691	2017			correct_baseline
2495691	2018			correct_baseline
2928668	2016			correct_baseline
2928668	2017			correct_baseline
2928668	2018			correct_baseline
7331666	2016			correct_baseline
7331666	2017			correct_baseline
7331666	2018			correct_baseline
5041466	2016			correct_baseline
5041466	2017			correct_baseline
5041466	2018			correct_baseline
2888806	2016			correct_baseline
2888806	2017			correct_baseline
2888806	2018			correct_baseline
5372875	2016			correct_baseline
5372875	2017			correct_baseline
5372875	2018			correct_baseline
2437282	2016			correct_baseline
2437282	2017			correct_baseline
2437282	2018			correct_baseline
2479686	2016			correct_baseline
2479686	2017			correct_baseline
2479686	2018			correct_baseline
3025875	2016			correct_baseline
3025875	2017			correct_baseline
3025875	2018			correct_baseline
2479320	2016			correct_baseline
2479320	2017			correct_baseline
2479320	2018			correct_baseline
2700768	2016			correct_baseline
2700768	2017			correct_baseline
2700768	2018			correct_baseline
7740617	2016			correct_baseline
7740617	2017			correct_baseline
7740617	2018			correct_baseline
2480897	2016			correct_baseline
2480897	2017			correct_baseline
2480897	2018			correct_baseline
2480786	2016			correct_baseline
2480786	2017			correct_baseline
2480786	2018			correct_baseline
5686494	2016			correct_baseline
5686494	2017			correct_baseline
5686494	2018			correct_baseline
5303040	2016			correct_baseline
5303040	2017			correct_baseline
5303040	2018			correct_baseline
8049400	2016			correct_baseline
8049400	2017			correct_baseline
8049400	2018			correct_baseline
2704194	2016			correct_baseline
2704194	2017			correct_baseline
2704194	2018			correct_baseline
7158449	2016			correct_baseline
7158449	2017			correct_baseline
7158449	2018			correct_baseline
2701649	2016			correct_baseline
2701649	2017			correct_baseline
2701649	2018			correct_baseline
4005004	2016			correct_baseline
4005004	2017			correct_baseline
4005004	2018			correct_baseline
4851368	2016			correct_baseline
4851368	2017			correct_baseline
4851368	2018			correct_baseline
2964167	2016			correct_baseline
2964167	2017			correct_baseline
2964167	2018			correct_baseline
3044912	2016			correct_baseline
3044912	2017			correct_baseline
3044912	2018			correct_baseline
2888859	2016			correct_baseline
2888859	2017			correct_baseline
2888859	2018			correct_baseline
5232435	2016			correct_baseline
5232435	2017			correct_baseline
5232435	2018			correct_baseline
7333320	2016			correct_baseline
7333320	2017			correct_baseline
7333320	2018			correct_baseline
5389058	2016			correct_baseline
5389058	2017			correct_baseline
5389058	2018			correct_baseline
3665940	2016			correct_baseline
3665940	2017			correct_baseline
3665940	2018			correct_baseline
5274861	2016			correct_baseline
5274861	2017			correct_baseline
5274861	2018			correct_baseline
2925351	2016			correct_baseline
2925351	2017			correct_baseline
2925351	2018			correct_baseline
5528747	2016			correct_baseline
5528747	2017			correct_baseline
5528747	2018			correct_baseline
5568442	2016			correct_baseline
5568442	2017			correct_baseline
5568442	2018			correct_baseline
2702820	2016			correct_baseline
2702820	2017			correct_baseline
2702820	2018			correct_baseline
3188711	2016			correct_baseline
3188711	2017			correct_baseline
3188711	2018			correct_baseline
3754587	2016			correct_baseline
3754587	2017			correct_baseline
3754587	2018			correct_baseline
2769493	2016			correct_baseline
2769493	2017			correct_baseline
2769493	2018			correct_baseline
2493598	2016			correct_baseline
2493598	2017			correct_baseline
2493598	2018			correct_baseline
5229072	2016			correct_baseline
5229072	2017			correct_baseline
5229072	2018			correct_baseline
9738098	2016			correct_baseline
9738098	2017			correct_baseline
9738098	2018			correct_baseline
5844936	2016			correct_baseline
5844936	2017			correct_baseline
5844936	2018			correct_baseline
2495134	2016			correct_baseline
2495134	2017			correct_baseline
2495134	2018			correct_baseline
2486147	2016			correct_baseline
2486147	2017			correct_baseline
2486147	2018			correct_baseline
5641274	2016			correct_baseline
5641274	2017			correct_baseline
5641274	2018			correct_baseline
2115706	2017			correct_baseline
2115706	2018			correct_baseline
3084842	2017			correct_baseline
3084842	2018			correct_baseline
3663772	2017			correct_baseline
3663772	2018			correct_baseline
8302634	2017			correct_baseline
8302634	2018			correct_baseline
3042925	2017			correct_baseline
3042925	2018			correct_baseline
5229156	2017			correct_baseline
5229156	2018			correct_baseline
1031737	2017			correct_baseline
1031737	2018			correct_baseline
3664287	2017			correct_baseline
3664287	2018			correct_baseline
5788513	2017			correct_baseline
5788513	2018			correct_baseline
2488960	2017			correct_baseline
2488960	2018			correct_baseline
2479498	2017			correct_baseline
2479498	2018			correct_baseline
3189828	2017			correct_baseline
3189828	2018			correct_baseline
3667238	2017			correct_baseline
3667238	2018			correct_baseline
9228111	2017			correct_baseline
9228111	2018			correct_baseline
2557469	2017			correct_baseline
2557469	2018			correct_baseline
4102909	2017			correct_baseline
4102909	2018			correct_baseline
2379105	2017			correct_baseline
2379105	2018			correct_baseline
5324959	2017			correct_baseline
5324959	2018			correct_baseline
5330085	2017			correct_baseline
5330085	2018			correct_baseline
2489089	2018			correct_baseline
2772082	2018			correct_baseline
5104748	2018			correct_baseline
2480454	2018			correct_baseline
1722140	2018			correct_baseline
2475373	2018			correct_baseline
3085389	2018			correct_baseline
2855705	2018			correct_baseline
2989557	2018			correct_baseline
5229411	2018			correct_baseline
3120391	2018			correct_baseline
7227181	2016			correct_baseline
7227181	2017			correct_baseline
7227181	2018			correct_baseline
7068732	2016	0	0.774089036942302	correct_baseline
7068732	2017	0	0.7628157219003117	correct_baseline
7068732	2018	0	0.7515861307471057	correct_baseline
7224157	2016	2	0.932037291351364	correct_baseline
7224157	2017	2	0.9341791923231986	correct_baseline
7224157	2018	2	0.9359182427985101	correct_baseline
6432925	2016			correct_baseline
6432925	2017			correct_baseline
6432925	2018			correct_baseline
7230699	2016			correct_baseline
7230699	2017			correct_baseline
7230699	2018			correct_baseline
5825913	2016	0	0.9067122023545592	correct_baseline
5825913	2017	0	0.8970134453218638	correct_baseline
5825913	2018	0	0.8873808992190949	correct_baseline
6157026	2016			correct_baseline
6157026	2017			correct_baseline
6157026	2018			correct_baseline
7324046	2016			correct_baseline
7324046	2017			correct_baseline
7324046	2018			correct_baseline
7062200	2016			correct_baseline
7062200	2017			correct_baseline
7062200	2018			correct_baseline
7190901	2016			correct_baseline
7190901	2017			correct_baseline
7190901	2018			correct_baseline
6077549	2016			correct_baseline
6077549	2017			correct_baseline
6077549	2018			correct_baseline
3040999	2016			correct_baseline
3040999	2017			correct_baseline
3040999	2018			correct_baseline
6157035	2016			correct_baseline
6157035	2017			correct_baseline
6157035	2018			correct_baseline
9567226	2016			correct_baseline
9567226	2017			correct_baseline
9567226	2018			correct_baseline
2717402	2016			correct_baseline
2717402	2017			correct_baseline
2717402	2018			correct_baseline
6387033	2016			correct_baseline
6387033	2017			correct_baseline
6387033	2018			correct_baseline
4925890	2016			correct_baseline
4925890	2017			correct_baseline
4925890	2018			correct_baseline
5831060	2016			correct_baseline
5831060	2017			correct_baseline
5831060	2018			correct_baseline
3663237	2016			correct_baseline
3663237	2017			correct_baseline
3663237	2018			correct_baseline
5652131	2016			correct_baseline
5652131	2017			correct_baseline
5652131	2018			correct_baseline
6369140	2016			correct_baseline
6369140	2017			correct_baseline
6369140	2018			correct_baseline
8358048	2016			correct_baseline
8358048	2017			correct_baseline
8358048	2018			correct_baseline
7988337	2016			correct_baseline
7988337	2017			correct_baseline
7988337	2018			correct_baseline
2914404	2016			correct_baseline
2914404	2017			correct_baseline
2914404	2018			correct_baseline
7901010	2016			correct_baseline
7901010	2017			correct_baseline
7901010	2018			correct_baseline
8421432	2016			correct_baseline
8421432	2017			correct_baseline
8421432	2018			correct_baseline
7271631	2016			correct_baseline
7271631	2017			correct_baseline
7271631	2018			correct_baseline
7293222	2017			correct_baseline
7293222	2018			correct_baseline
8045533	2017			correct_baseline
8045533	2018			correct_baseline
3666449	2017			correct_baseline
3666449	2018			correct_baseline
3022668	2016	0	0.7694234231681941	correct_baseline
3022668	2017	0	0.7654170577889114	correct_baseline
3022668	2018	0	0.761424763310879	correct_baseline
7270761	2016			correct_baseline
7270761	2017			correct_baseline
7270761	2018			correct_baseline
3111758	2016			correct_baseline
3111758	2017			correct_baseline
3111758	2018			correct_baseline
